# filename: 音频文件名,# fold: 数据集折叠 (1-5),# target: 目标类别ID (0-50),# category: 声音类别名称,# esc10: 是否属于ESC-10子集,# src_file: 源文件ID,# take: 录音编号
filename,fold,target,category,esc10,src_file,take
1-965230-C-0.wav,1,0,dog,TRUE,965230,C
2-103986-A-0.wav,2,0,dog,TRUE,103986,A
3-766294-C-0.wav,3,0,dog,TRUE,766294,C
4-660522-B-0.wav,4,0,dog,TRUE,660522,B
5-607517-B-0.wav,5,0,dog,TRUE,607517,B
1-293155-B-0.wav,1,0,dog,TRUE,293155,B
2-827081-C-0.wav,2,0,dog,TRUE,827081,C
3-983312-A-0.wav,3,0,dog,TRUE,983312,A
4-658985-B-0.wav,4,0,dog,TRUE,658985,B
5-967928-B-0.wav,5,0,dog,TRUE,967928,B
1-891126-B-0.wav,1,0,dog,TRUE,891126,B
2-638850-A-0.wav,2,0,dog,TRUE,638850,A
3-461005-C-0.wav,3,0,dog,TRUE,461005,C
4-951126-B-0.wav,4,0,dog,TRUE,951126,B
5-398188-A-0.wav,5,0,dog,TRUE,398188,A
1-927090-D-0.wav,1,0,dog,TRUE,927090,D
2-523625-D-0.wav,2,0,dog,TRUE,523625,D
3-723854-A-0.wav,3,0,dog,TRUE,723854,A
4-603790-B-0.wav,4,0,dog,TRUE,603790,B
5-403976-A-0.wav,5,0,dog,TRUE,403976,A
1-502416-A-0.wav,1,0,dog,TRUE,502416,A
2-466256-B-0.wav,2,0,dog,TRUE,466256,B
3-160618-B-0.wav,3,0,dog,TRUE,160618,B
4-282999-C-0.wav,4,0,dog,TRUE,282999,C
5-500198-A-0.wav,5,0,dog,TRUE,500198,A
1-698836-D-0.wav,1,0,dog,TRUE,698836,D
2-701475-B-0.wav,2,0,dog,TRUE,701475,B
3-614089-B-0.wav,3,0,dog,TRUE,614089,B
4-689841-C-0.wav,4,0,dog,TRUE,689841,C
5-753934-A-0.wav,5,0,dog,TRUE,753934,A
1-612421-D-0.wav,1,0,dog,TRUE,612421,D
2-804022-A-0.wav,2,0,dog,TRUE,804022,A
3-493694-B-0.wav,3,0,dog,TRUE,493694,B
4-941874-D-0.wav,4,0,dog,TRUE,941874,D
5-982725-A-0.wav,5,0,dog,TRUE,982725,A
1-391653-B-0.wav,1,0,dog,TRUE,391653,B
2-493513-D-0.wav,2,0,dog,TRUE,493513,D
3-119266-C-0.wav,3,0,dog,TRUE,119266,C
4-581580-C-0.wav,4,0,dog,TRUE,581580,C
5-346045-D-0.wav,5,0,dog,TRUE,346045,D
1-669836-B-1.wav,1,1,rooster,TRUE,669836,B
2-836721-D-1.wav,2,1,rooster,TRUE,836721,D
3-338485-B-1.wav,3,1,rooster,TRUE,338485,B
4-915262-C-1.wav,4,1,rooster,TRUE,915262,C
5-367593-A-1.wav,5,1,rooster,TRUE,367593,A
1-421779-C-1.wav,1,1,rooster,TRUE,421779,C
2-725898-D-1.wav,2,1,rooster,TRUE,725898,D
3-984671-B-1.wav,3,1,rooster,TRUE,984671,B
4-695921-C-1.wav,4,1,rooster,TRUE,695921,C
5-554888-C-1.wav,5,1,rooster,TRUE,554888,C
1-965290-B-1.wav,1,1,rooster,TRUE,965290,B
2-555385-D-1.wav,2,1,rooster,TRUE,555385,D
3-985210-D-1.wav,3,1,rooster,TRUE,985210,D
4-999279-C-1.wav,4,1,rooster,TRUE,999279,C
5-552645-A-1.wav,5,1,rooster,TRUE,552645,A
1-753488-C-1.wav,1,1,rooster,TRUE,753488,C
2-716788-B-1.wav,2,1,rooster,TRUE,716788,B
3-109538-C-1.wav,3,1,rooster,TRUE,109538,C
4-274313-A-1.wav,4,1,rooster,TRUE,274313,A
5-474724-A-1.wav,5,1,rooster,TRUE,474724,A
1-280671-A-1.wav,1,1,rooster,TRUE,280671,A
2-559049-B-1.wav,2,1,rooster,TRUE,559049,B
3-598846-B-1.wav,3,1,rooster,TRUE,598846,B
4-368402-C-1.wav,4,1,rooster,TRUE,368402,C
5-877115-A-1.wav,5,1,rooster,TRUE,877115,A
1-103866-D-1.wav,1,1,rooster,TRUE,103866,D
2-635691-D-1.wav,2,1,rooster,TRUE,635691,D
3-153278-B-1.wav,3,1,rooster,TRUE,153278,B
4-503508-B-1.wav,4,1,rooster,TRUE,503508,B
5-802816-B-1.wav,5,1,rooster,TRUE,802816,B
1-124254-A-1.wav,1,1,rooster,TRUE,124254,A
2-657606-C-1.wav,2,1,rooster,TRUE,657606,C
3-648391-B-1.wav,3,1,rooster,TRUE,648391,B
4-930544-C-1.wav,4,1,rooster,TRUE,930544,C
5-368724-A-1.wav,5,1,rooster,TRUE,368724,A
1-692558-D-1.wav,1,1,rooster,TRUE,692558,D
2-382946-D-1.wav,2,1,rooster,TRUE,382946,D
3-855288-D-1.wav,3,1,rooster,TRUE,855288,D
4-796361-A-1.wav,4,1,rooster,TRUE,796361,A
5-521810-C-1.wav,5,1,rooster,TRUE,521810,C
1-432145-C-2.wav,1,2,pig,FALSE,432145,C
2-771389-C-2.wav,2,2,pig,FALSE,771389,C
3-478502-D-2.wav,3,2,pig,FALSE,478502,D
4-530734-C-2.wav,4,2,pig,FALSE,530734,C
5-911905-D-2.wav,5,2,pig,FALSE,911905,D
1-168882-A-2.wav,1,2,pig,FALSE,168882,A
2-774721-C-2.wav,2,2,pig,FALSE,774721,C
3-611244-C-2.wav,3,2,pig,FALSE,611244,C
4-843493-C-2.wav,4,2,pig,FALSE,843493,C
5-874653-A-2.wav,5,2,pig,FALSE,874653,A
1-609456-B-2.wav,1,2,pig,FALSE,609456,B
2-746356-C-2.wav,2,2,pig,FALSE,746356,C
3-985484-C-2.wav,3,2,pig,FALSE,985484,C
4-900191-B-2.wav,4,2,pig,FALSE,900191,B
5-185737-C-2.wav,5,2,pig,FALSE,185737,C
1-551480-D-2.wav,1,2,pig,FALSE,551480,D
2-218856-C-2.wav,2,2,pig,FALSE,218856,C
3-788431-C-2.wav,3,2,pig,FALSE,788431,C
4-129303-A-2.wav,4,2,pig,FALSE,129303,A
5-899093-C-2.wav,5,2,pig,FALSE,899093,C
1-393118-B-2.wav,1,2,pig,FALSE,393118,B
2-365141-D-2.wav,2,2,pig,FALSE,365141,D
3-382838-C-2.wav,3,2,pig,FALSE,382838,C
4-514189-C-2.wav,4,2,pig,FALSE,514189,C
5-803149-D-2.wav,5,2,pig,FALSE,803149,D
1-586386-C-2.wav,1,2,pig,FALSE,586386,C
2-723342-A-2.wav,2,2,pig,FALSE,723342,A
3-843195-B-2.wav,3,2,pig,FALSE,843195,B
4-454250-B-2.wav,4,2,pig,FALSE,454250,B
5-748023-D-2.wav,5,2,pig,FALSE,748023,D
1-665742-A-2.wav,1,2,pig,FALSE,665742,A
2-969638-D-2.wav,2,2,pig,FALSE,969638,D
3-498072-D-2.wav,3,2,pig,FALSE,498072,D
4-472208-D-2.wav,4,2,pig,FALSE,472208,D
5-278050-A-2.wav,5,2,pig,FALSE,278050,A
1-543502-B-2.wav,1,2,pig,FALSE,543502,B
2-549955-C-2.wav,2,2,pig,FALSE,549955,C
3-620539-C-2.wav,3,2,pig,FALSE,620539,C
4-312882-D-2.wav,4,2,pig,FALSE,312882,D
5-958762-A-2.wav,5,2,pig,FALSE,958762,A
1-148726-C-3.wav,1,3,cow,FALSE,148726,C
2-184572-D-3.wav,2,3,cow,FALSE,184572,D
3-118180-B-3.wav,3,3,cow,FALSE,118180,B
4-278510-B-3.wav,4,3,cow,FALSE,278510,B
5-991818-B-3.wav,5,3,cow,FALSE,991818,B
1-957085-B-3.wav,1,3,cow,FALSE,957085,B
2-998296-A-3.wav,2,3,cow,FALSE,998296,A
3-258523-D-3.wav,3,3,cow,FALSE,258523,D
4-914952-D-3.wav,4,3,cow,FALSE,914952,D
5-542229-D-3.wav,5,3,cow,FALSE,542229,D
1-263751-D-3.wav,1,3,cow,FALSE,263751,D
2-664744-B-3.wav,2,3,cow,FALSE,664744,B
3-575953-B-3.wav,3,3,cow,FALSE,575953,B
4-324540-B-3.wav,4,3,cow,FALSE,324540,B
5-520940-D-3.wav,5,3,cow,FALSE,520940,D
1-861111-C-3.wav,1,3,cow,FALSE,861111,C
2-317721-B-3.wav,2,3,cow,FALSE,317721,B
3-486318-D-3.wav,3,3,cow,FALSE,486318,D
4-460870-A-3.wav,4,3,cow,FALSE,460870,A
5-788406-A-3.wav,5,3,cow,FALSE,788406,A
1-821292-B-3.wav,1,3,cow,FALSE,821292,B
2-207200-D-3.wav,2,3,cow,FALSE,207200,D
3-369861-B-3.wav,3,3,cow,FALSE,369861,B
4-465066-D-3.wav,4,3,cow,FALSE,465066,D
5-775809-A-3.wav,5,3,cow,FALSE,775809,A
1-267124-A-3.wav,1,3,cow,FALSE,267124,A
2-979611-D-3.wav,2,3,cow,FALSE,979611,D
3-172167-D-3.wav,3,3,cow,FALSE,172167,D
4-234775-D-3.wav,4,3,cow,FALSE,234775,D
5-213476-B-3.wav,5,3,cow,FALSE,213476,B
1-564792-C-3.wav,1,3,cow,FALSE,564792,C
2-122244-C-3.wav,2,3,cow,FALSE,122244,C
3-588331-A-3.wav,3,3,cow,FALSE,588331,A
4-361869-D-3.wav,4,3,cow,FALSE,361869,D
5-885427-B-3.wav,5,3,cow,FALSE,885427,B
1-361970-B-3.wav,1,3,cow,FALSE,361970,B
2-124018-B-3.wav,2,3,cow,FALSE,124018,B
3-191866-D-3.wav,3,3,cow,FALSE,191866,D
4-359335-C-3.wav,4,3,cow,FALSE,359335,C
5-971933-D-3.wav,5,3,cow,FALSE,971933,D
1-692497-A-4.wav,1,4,frog,FALSE,692497,A
2-859971-B-4.wav,2,4,frog,FALSE,859971,B
3-820693-C-4.wav,3,4,frog,FALSE,820693,C
4-974130-C-4.wav,4,4,frog,FALSE,974130,C
5-436927-B-4.wav,5,4,frog,FALSE,436927,B
1-487902-B-4.wav,1,4,frog,FALSE,487902,B
2-921680-B-4.wav,2,4,frog,FALSE,921680,B
3-449900-C-4.wav,3,4,frog,FALSE,449900,C
4-469377-D-4.wav,4,4,frog,FALSE,469377,D
5-323342-C-4.wav,5,4,frog,FALSE,323342,C
1-761024-D-4.wav,1,4,frog,FALSE,761024,D
2-493700-C-4.wav,2,4,frog,FALSE,493700,C
3-898759-D-4.wav,3,4,frog,FALSE,898759,D
4-128190-D-4.wav,4,4,frog,FALSE,128190,D
5-570348-C-4.wav,5,4,frog,FALSE,570348,C
1-312155-C-4.wav,1,4,frog,FALSE,312155,C
2-517029-A-4.wav,2,4,frog,FALSE,517029,A
3-447766-A-4.wav,3,4,frog,FALSE,447766,A
4-594733-B-4.wav,4,4,frog,FALSE,594733,B
5-521239-D-4.wav,5,4,frog,FALSE,521239,D
1-120731-B-4.wav,1,4,frog,FALSE,120731,B
2-657930-C-4.wav,2,4,frog,FALSE,657930,C
3-835787-C-4.wav,3,4,frog,FALSE,835787,C
4-194332-D-4.wav,4,4,frog,FALSE,194332,D
5-557537-C-4.wav,5,4,frog,FALSE,557537,C
1-339335-A-4.wav,1,4,frog,FALSE,339335,A
2-592846-D-4.wav,2,4,frog,FALSE,592846,D
3-652063-B-4.wav,3,4,frog,FALSE,652063,B
4-732264-B-4.wav,4,4,frog,FALSE,732264,B
5-125339-D-4.wav,5,4,frog,FALSE,125339,D
1-833574-D-4.wav,1,4,frog,FALSE,833574,D
2-752888-C-4.wav,2,4,frog,FALSE,752888,C
3-519549-B-4.wav,3,4,frog,FALSE,519549,B
4-649634-D-4.wav,4,4,frog,FALSE,649634,D
5-953487-B-4.wav,5,4,frog,FALSE,953487,B
1-210780-C-4.wav,1,4,frog,FALSE,210780,C
2-563820-A-4.wav,2,4,frog,FALSE,563820,A
3-153709-B-4.wav,3,4,frog,FALSE,153709,B
4-858913-D-4.wav,4,4,frog,FALSE,858913,D
5-756614-A-4.wav,5,4,frog,FALSE,756614,A
1-165885-C-5.wav,1,5,cat,FALSE,165885,C
2-335278-D-5.wav,2,5,cat,FALSE,335278,D
3-763424-D-5.wav,3,5,cat,FALSE,763424,D
4-871874-C-5.wav,4,5,cat,FALSE,871874,C
5-691276-C-5.wav,5,5,cat,FALSE,691276,C
1-693746-C-5.wav,1,5,cat,FALSE,693746,C
2-906151-C-5.wav,2,5,cat,FALSE,906151,C
3-644862-B-5.wav,3,5,cat,FALSE,644862,B
4-184341-C-5.wav,4,5,cat,FALSE,184341,C
5-497833-C-5.wav,5,5,cat,FALSE,497833,C
1-309505-B-5.wav,1,5,cat,FALSE,309505,B
2-240935-C-5.wav,2,5,cat,FALSE,240935,C
3-976290-D-5.wav,3,5,cat,FALSE,976290,D
4-581672-C-5.wav,4,5,cat,FALSE,581672,C
5-866064-C-5.wav,5,5,cat,FALSE,866064,C
1-301785-D-5.wav,1,5,cat,FALSE,301785,D
2-992252-D-5.wav,2,5,cat,FALSE,992252,D
3-840725-B-5.wav,3,5,cat,FALSE,840725,B
4-662899-C-5.wav,4,5,cat,FALSE,662899,C
5-586663-D-5.wav,5,5,cat,FALSE,586663,D
1-103891-C-5.wav,1,5,cat,FALSE,103891,C
2-425940-C-5.wav,2,5,cat,FALSE,425940,C
3-702285-D-5.wav,3,5,cat,FALSE,702285,D
4-760989-C-5.wav,4,5,cat,FALSE,760989,C
5-116807-B-5.wav,5,5,cat,FALSE,116807,B
1-388083-C-5.wav,1,5,cat,FALSE,388083,C
2-505318-A-5.wav,2,5,cat,FALSE,505318,A
3-921564-A-5.wav,3,5,cat,FALSE,921564,A
4-319205-D-5.wav,4,5,cat,FALSE,319205,D
5-464720-A-5.wav,5,5,cat,FALSE,464720,A
1-199357-D-5.wav,1,5,cat,FALSE,199357,D
2-402951-A-5.wav,2,5,cat,FALSE,402951,A
3-122091-D-5.wav,3,5,cat,FALSE,122091,D
4-698830-D-5.wav,4,5,cat,FALSE,698830,D
5-831430-B-5.wav,5,5,cat,FALSE,831430,B
1-997364-A-5.wav,1,5,cat,FALSE,997364,A
2-250338-C-5.wav,2,5,cat,FALSE,250338,C
3-113517-A-5.wav,3,5,cat,FALSE,113517,A
4-920673-B-5.wav,4,5,cat,FALSE,920673,B
5-162813-C-5.wav,5,5,cat,FALSE,162813,C
1-790028-D-6.wav,1,6,hen,FALSE,790028,D
2-312475-B-6.wav,2,6,hen,FALSE,312475,B
3-888813-D-6.wav,3,6,hen,FALSE,888813,D
4-560330-D-6.wav,4,6,hen,FALSE,560330,D
5-641239-D-6.wav,5,6,hen,FALSE,641239,D
1-570499-A-6.wav,1,6,hen,FALSE,570499,A
2-678827-B-6.wav,2,6,hen,FALSE,678827,B
3-764638-B-6.wav,3,6,hen,FALSE,764638,B
4-698696-A-6.wav,4,6,hen,FALSE,698696,A
5-353570-D-6.wav,5,6,hen,FALSE,353570,D
1-536613-C-6.wav,1,6,hen,FALSE,536613,C
2-461760-D-6.wav,2,6,hen,FALSE,461760,D
3-833623-A-6.wav,3,6,hen,FALSE,833623,A
4-586754-B-6.wav,4,6,hen,FALSE,586754,B
5-465552-C-6.wav,5,6,hen,FALSE,465552,C
1-799130-B-6.wav,1,6,hen,FALSE,799130,B
2-405347-D-6.wav,2,6,hen,FALSE,405347,D
3-356738-C-6.wav,3,6,hen,FALSE,356738,C
4-495546-D-6.wav,4,6,hen,FALSE,495546,D
5-394684-B-6.wav,5,6,hen,FALSE,394684,B
1-138224-C-6.wav,1,6,hen,FALSE,138224,C
2-278074-A-6.wav,2,6,hen,FALSE,278074,A
3-920001-A-6.wav,3,6,hen,FALSE,920001,A
4-823094-C-6.wav,4,6,hen,FALSE,823094,C
5-785970-C-6.wav,5,6,hen,FALSE,785970,C
1-243534-A-6.wav,1,6,hen,FALSE,243534,A
2-964509-C-6.wav,2,6,hen,FALSE,964509,C
3-343565-C-6.wav,3,6,hen,FALSE,343565,C
4-599847-C-6.wav,4,6,hen,FALSE,599847,C
5-801946-D-6.wav,5,6,hen,FALSE,801946,D
1-186183-A-6.wav,1,6,hen,FALSE,186183,A
2-236586-A-6.wav,2,6,hen,FALSE,236586,A
3-301659-A-6.wav,3,6,hen,FALSE,301659,A
4-794985-B-6.wav,4,6,hen,FALSE,794985,B
5-920023-A-6.wav,5,6,hen,FALSE,920023,A
1-581810-C-6.wav,1,6,hen,FALSE,581810,C
2-317574-A-6.wav,2,6,hen,FALSE,317574,A
3-287760-C-6.wav,3,6,hen,FALSE,287760,C
4-301372-B-6.wav,4,6,hen,FALSE,301372,B
5-951646-B-6.wav,5,6,hen,FALSE,951646,B
1-767415-C-7.wav,1,7,insects,FALSE,767415,C
2-368944-A-7.wav,2,7,insects,FALSE,368944,A
3-451898-B-7.wav,3,7,insects,FALSE,451898,B
4-284526-D-7.wav,4,7,insects,FALSE,284526,D
5-118381-A-7.wav,5,7,insects,FALSE,118381,A
1-515020-B-7.wav,1,7,insects,FALSE,515020,B
2-826652-C-7.wav,2,7,insects,FALSE,826652,C
3-355531-C-7.wav,3,7,insects,FALSE,355531,C
4-628345-A-7.wav,4,7,insects,FALSE,628345,A
5-886920-D-7.wav,5,7,insects,FALSE,886920,D
1-663965-A-7.wav,1,7,insects,FALSE,663965,A
2-578571-A-7.wav,2,7,insects,FALSE,578571,A
3-813069-B-7.wav,3,7,insects,FALSE,813069,B
4-276654-D-7.wav,4,7,insects,FALSE,276654,D
5-596321-A-7.wav,5,7,insects,FALSE,596321,A
1-978067-A-7.wav,1,7,insects,FALSE,978067,A
2-920724-D-7.wav,2,7,insects,FALSE,920724,D
3-398812-C-7.wav,3,7,insects,FALSE,398812,C
4-466461-A-7.wav,4,7,insects,FALSE,466461,A
5-428478-D-7.wav,5,7,insects,FALSE,428478,D
1-122457-C-7.wav,1,7,insects,FALSE,122457,C
2-710755-B-7.wav,2,7,insects,FALSE,710755,B
3-292526-C-7.wav,3,7,insects,FALSE,292526,C
4-806115-D-7.wav,4,7,insects,FALSE,806115,D
5-652079-C-7.wav,5,7,insects,FALSE,652079,C
1-136196-D-7.wav,1,7,insects,FALSE,136196,D
2-183619-B-7.wav,2,7,insects,FALSE,183619,B
3-533391-D-7.wav,3,7,insects,FALSE,533391,D
4-678307-A-7.wav,4,7,insects,FALSE,678307,A
5-407724-D-7.wav,5,7,insects,FALSE,407724,D
1-673221-B-7.wav,1,7,insects,FALSE,673221,B
2-639155-B-7.wav,2,7,insects,FALSE,639155,B
3-498104-B-7.wav,3,7,insects,FALSE,498104,B
4-906117-B-7.wav,4,7,insects,FALSE,906117,B
5-989918-D-7.wav,5,7,insects,FALSE,989918,D
1-971060-B-7.wav,1,7,insects,FALSE,971060,B
2-319750-C-7.wav,2,7,insects,FALSE,319750,C
3-626430-A-7.wav,3,7,insects,FALSE,626430,A
4-476713-D-7.wav,4,7,insects,FALSE,476713,D
5-657075-B-7.wav,5,7,insects,FALSE,657075,B
1-995126-D-8.wav,1,8,sheep,FALSE,995126,D
2-423047-B-8.wav,2,8,sheep,FALSE,423047,B
3-501505-D-8.wav,3,8,sheep,FALSE,501505,D
4-523689-C-8.wav,4,8,sheep,FALSE,523689,C
5-730149-C-8.wav,5,8,sheep,FALSE,730149,C
1-902509-A-8.wav,1,8,sheep,FALSE,902509,A
2-792235-B-8.wav,2,8,sheep,FALSE,792235,B
3-730948-B-8.wav,3,8,sheep,FALSE,730948,B
4-328473-D-8.wav,4,8,sheep,FALSE,328473,D
5-262459-D-8.wav,5,8,sheep,FALSE,262459,D
1-211274-B-8.wav,1,8,sheep,FALSE,211274,B
2-283858-C-8.wav,2,8,sheep,FALSE,283858,C
3-565592-C-8.wav,3,8,sheep,FALSE,565592,C
4-559562-D-8.wav,4,8,sheep,FALSE,559562,D
5-942126-D-8.wav,5,8,sheep,FALSE,942126,D
1-235855-D-8.wav,1,8,sheep,FALSE,235855,D
2-218765-D-8.wav,2,8,sheep,FALSE,218765,D
3-926181-C-8.wav,3,8,sheep,FALSE,926181,C
4-371416-A-8.wav,4,8,sheep,FALSE,371416,A
5-947385-A-8.wav,5,8,sheep,FALSE,947385,A
1-878932-D-8.wav,1,8,sheep,FALSE,878932,D
2-878083-D-8.wav,2,8,sheep,FALSE,878083,D
3-568089-B-8.wav,3,8,sheep,FALSE,568089,B
4-280333-B-8.wav,4,8,sheep,FALSE,280333,B
5-203953-D-8.wav,5,8,sheep,FALSE,203953,D
1-392386-B-8.wav,1,8,sheep,FALSE,392386,B
2-828398-D-8.wav,2,8,sheep,FALSE,828398,D
3-858661-A-8.wav,3,8,sheep,FALSE,858661,A
4-700223-C-8.wav,4,8,sheep,FALSE,700223,C
5-299040-A-8.wav,5,8,sheep,FALSE,299040,A
1-585937-B-8.wav,1,8,sheep,FALSE,585937,B
2-687475-A-8.wav,2,8,sheep,FALSE,687475,A
3-885227-A-8.wav,3,8,sheep,FALSE,885227,A
4-390304-A-8.wav,4,8,sheep,FALSE,390304,A
5-220469-B-8.wav,5,8,sheep,FALSE,220469,B
1-611438-C-8.wav,1,8,sheep,FALSE,611438,C
2-555666-A-8.wav,2,8,sheep,FALSE,555666,A
3-655074-A-8.wav,3,8,sheep,FALSE,655074,A
4-975315-C-8.wav,4,8,sheep,FALSE,975315,C
5-182298-A-8.wav,5,8,sheep,FALSE,182298,A
1-170810-B-9.wav,1,9,crow,FALSE,170810,B
2-719203-D-9.wav,2,9,crow,FALSE,719203,D
3-102757-D-9.wav,3,9,crow,FALSE,102757,D
4-494080-B-9.wav,4,9,crow,FALSE,494080,B
5-793154-A-9.wav,5,9,crow,FALSE,793154,A
1-480552-C-9.wav,1,9,crow,FALSE,480552,C
2-240308-B-9.wav,2,9,crow,FALSE,240308,B
3-228472-C-9.wav,3,9,crow,FALSE,228472,C
4-521040-D-9.wav,4,9,crow,FALSE,521040,D
5-666350-D-9.wav,5,9,crow,FALSE,666350,D
1-729283-A-9.wav,1,9,crow,FALSE,729283,A
2-663518-D-9.wav,2,9,crow,FALSE,663518,D
3-712873-B-9.wav,3,9,crow,FALSE,712873,B
4-418628-B-9.wav,4,9,crow,FALSE,418628,B
5-732699-C-9.wav,5,9,crow,FALSE,732699,C
1-295755-C-9.wav,1,9,crow,FALSE,295755,C
2-412915-D-9.wav,2,9,crow,FALSE,412915,D
3-613709-D-9.wav,3,9,crow,FALSE,613709,D
4-706813-A-9.wav,4,9,crow,FALSE,706813,A
5-706310-B-9.wav,5,9,crow,FALSE,706310,B
1-279917-D-9.wav,1,9,crow,FALSE,279917,D
2-838130-A-9.wav,2,9,crow,FALSE,838130,A
3-141883-A-9.wav,3,9,crow,FALSE,141883,A
4-421900-B-9.wav,4,9,crow,FALSE,421900,B
5-274032-C-9.wav,5,9,crow,FALSE,274032,C
1-169355-C-9.wav,1,9,crow,FALSE,169355,C
2-706286-B-9.wav,2,9,crow,FALSE,706286,B
3-454071-C-9.wav,3,9,crow,FALSE,454071,C
4-331775-B-9.wav,4,9,crow,FALSE,331775,B
5-581328-D-9.wav,5,9,crow,FALSE,581328,D
1-715239-D-9.wav,1,9,crow,FALSE,715239,D
2-849826-C-9.wav,2,9,crow,FALSE,849826,C
3-843254-C-9.wav,3,9,crow,FALSE,843254,C
4-114611-B-9.wav,4,9,crow,FALSE,114611,B
5-388377-C-9.wav,5,9,crow,FALSE,388377,C
1-578638-A-9.wav,1,9,crow,FALSE,578638,A
2-868491-C-9.wav,2,9,crow,FALSE,868491,C
3-538438-B-9.wav,3,9,crow,FALSE,538438,B
4-786636-C-9.wav,4,9,crow,FALSE,786636,C
5-456093-B-9.wav,5,9,crow,FALSE,456093,B
1-976005-B-10.wav,1,10,rain,TRUE,976005,B
2-325954-D-10.wav,2,10,rain,TRUE,325954,D
3-799440-B-10.wav,3,10,rain,TRUE,799440,B
4-305001-C-10.wav,4,10,rain,TRUE,305001,C
5-698306-B-10.wav,5,10,rain,TRUE,698306,B
1-790622-B-10.wav,1,10,rain,TRUE,790622,B
2-425509-D-10.wav,2,10,rain,TRUE,425509,D
3-822321-A-10.wav,3,10,rain,TRUE,822321,A
4-577149-B-10.wav,4,10,rain,TRUE,577149,B
5-633565-A-10.wav,5,10,rain,TRUE,633565,A
1-455373-C-10.wav,1,10,rain,TRUE,455373,C
2-458082-A-10.wav,2,10,rain,TRUE,458082,A
3-753494-A-10.wav,3,10,rain,TRUE,753494,A
4-327348-B-10.wav,4,10,rain,TRUE,327348,B
5-463449-B-10.wav,5,10,rain,TRUE,463449,B
1-990756-C-10.wav,1,10,rain,TRUE,990756,C
2-368122-B-10.wav,2,10,rain,TRUE,368122,B
3-947710-C-10.wav,3,10,rain,TRUE,947710,C
4-131541-A-10.wav,4,10,rain,TRUE,131541,A
5-677348-B-10.wav,5,10,rain,TRUE,677348,B
1-204469-B-10.wav,1,10,rain,TRUE,204469,B
2-923422-A-10.wav,2,10,rain,TRUE,923422,A
3-106065-B-10.wav,3,10,rain,TRUE,106065,B
4-792627-D-10.wav,4,10,rain,TRUE,792627,D
5-455356-C-10.wav,5,10,rain,TRUE,455356,C
1-442001-C-10.wav,1,10,rain,TRUE,442001,C
2-574390-A-10.wav,2,10,rain,TRUE,574390,A
3-488702-A-10.wav,3,10,rain,TRUE,488702,A
4-201974-A-10.wav,4,10,rain,TRUE,201974,A
5-386312-A-10.wav,5,10,rain,TRUE,386312,A
1-415413-D-10.wav,1,10,rain,TRUE,415413,D
2-797187-D-10.wav,2,10,rain,TRUE,797187,D
3-644892-C-10.wav,3,10,rain,TRUE,644892,C
4-129356-D-10.wav,4,10,rain,TRUE,129356,D
5-581633-D-10.wav,5,10,rain,TRUE,581633,D
1-265629-A-10.wav,1,10,rain,TRUE,265629,A
2-651807-A-10.wav,2,10,rain,TRUE,651807,A
3-490671-D-10.wav,3,10,rain,TRUE,490671,D
4-188244-D-10.wav,4,10,rain,TRUE,188244,D
5-476454-C-10.wav,5,10,rain,TRUE,476454,C
1-472165-D-11.wav,1,11,sea_waves,TRUE,472165,D
2-455903-D-11.wav,2,11,sea_waves,TRUE,455903,D
3-490271-A-11.wav,3,11,sea_waves,TRUE,490271,A
4-566437-B-11.wav,4,11,sea_waves,TRUE,566437,B
5-909218-C-11.wav,5,11,sea_waves,TRUE,909218,C
1-850090-B-11.wav,1,11,sea_waves,TRUE,850090,B
2-685518-C-11.wav,2,11,sea_waves,TRUE,685518,C
3-622825-A-11.wav,3,11,sea_waves,TRUE,622825,A
4-610238-B-11.wav,4,11,sea_waves,TRUE,610238,B
5-816496-D-11.wav,5,11,sea_waves,TRUE,816496,D
1-568739-A-11.wav,1,11,sea_waves,TRUE,568739,A
2-443217-B-11.wav,2,11,sea_waves,TRUE,443217,B
3-907743-A-11.wav,3,11,sea_waves,TRUE,907743,A
4-282377-C-11.wav,4,11,sea_waves,TRUE,282377,C
5-799424-D-11.wav,5,11,sea_waves,TRUE,799424,D
1-528491-B-11.wav,1,11,sea_waves,TRUE,528491,B
2-637800-B-11.wav,2,11,sea_waves,TRUE,637800,B
3-545242-A-11.wav,3,11,sea_waves,TRUE,545242,A
4-672544-A-11.wav,4,11,sea_waves,TRUE,672544,A
5-396803-C-11.wav,5,11,sea_waves,TRUE,396803,C
1-188990-C-11.wav,1,11,sea_waves,TRUE,188990,C
2-144210-B-11.wav,2,11,sea_waves,TRUE,144210,B
3-428616-A-11.wav,3,11,sea_waves,TRUE,428616,A
4-390539-C-11.wav,4,11,sea_waves,TRUE,390539,C
5-219280-B-11.wav,5,11,sea_waves,TRUE,219280,B
1-333196-B-11.wav,1,11,sea_waves,TRUE,333196,B
2-767596-B-11.wav,2,11,sea_waves,TRUE,767596,B
3-153399-C-11.wav,3,11,sea_waves,TRUE,153399,C
4-256668-C-11.wav,4,11,sea_waves,TRUE,256668,C
5-841953-C-11.wav,5,11,sea_waves,TRUE,841953,C
1-913320-B-11.wav,1,11,sea_waves,TRUE,913320,B
2-541246-B-11.wav,2,11,sea_waves,TRUE,541246,B
3-722123-C-11.wav,3,11,sea_waves,TRUE,722123,C
4-382858-D-11.wav,4,11,sea_waves,TRUE,382858,D
5-480129-D-11.wav,5,11,sea_waves,TRUE,480129,D
1-804943-A-11.wav,1,11,sea_waves,TRUE,804943,A
2-435249-A-11.wav,2,11,sea_waves,TRUE,435249,A
3-364269-D-11.wav,3,11,sea_waves,TRUE,364269,D
4-636148-B-11.wav,4,11,sea_waves,TRUE,636148,B
5-492969-D-11.wav,5,11,sea_waves,TRUE,492969,D
1-536413-D-12.wav,1,12,crackling_fire,TRUE,536413,D
2-326197-B-12.wav,2,12,crackling_fire,TRUE,326197,B
3-711271-B-12.wav,3,12,crackling_fire,TRUE,711271,B
4-295316-B-12.wav,4,12,crackling_fire,TRUE,295316,B
5-246940-D-12.wav,5,12,crackling_fire,TRUE,246940,D
1-955560-D-12.wav,1,12,crackling_fire,TRUE,955560,D
2-114239-B-12.wav,2,12,crackling_fire,TRUE,114239,B
3-706585-A-12.wav,3,12,crackling_fire,TRUE,706585,A
4-313272-D-12.wav,4,12,crackling_fire,TRUE,313272,D
5-904156-A-12.wav,5,12,crackling_fire,TRUE,904156,A
1-772896-B-12.wav,1,12,crackling_fire,TRUE,772896,B
2-160577-A-12.wav,2,12,crackling_fire,TRUE,160577,A
3-609606-D-12.wav,3,12,crackling_fire,TRUE,609606,D
4-215958-C-12.wav,4,12,crackling_fire,TRUE,215958,C
5-598687-D-12.wav,5,12,crackling_fire,TRUE,598687,D
1-941939-A-12.wav,1,12,crackling_fire,TRUE,941939,A
2-399087-B-12.wav,2,12,crackling_fire,TRUE,399087,B
3-353842-A-12.wav,3,12,crackling_fire,TRUE,353842,A
4-141541-D-12.wav,4,12,crackling_fire,TRUE,141541,D
5-724345-B-12.wav,5,12,crackling_fire,TRUE,724345,B
1-506595-B-12.wav,1,12,crackling_fire,TRUE,506595,B
2-467829-A-12.wav,2,12,crackling_fire,TRUE,467829,A
3-842808-B-12.wav,3,12,crackling_fire,TRUE,842808,B
4-502270-A-12.wav,4,12,crackling_fire,TRUE,502270,A
5-563830-D-12.wav,5,12,crackling_fire,TRUE,563830,D
1-940347-B-12.wav,1,12,crackling_fire,TRUE,940347,B
2-169046-C-12.wav,2,12,crackling_fire,TRUE,169046,C
3-439304-A-12.wav,3,12,crackling_fire,TRUE,439304,A
4-127301-D-12.wav,4,12,crackling_fire,TRUE,127301,D
5-636564-A-12.wav,5,12,crackling_fire,TRUE,636564,A
1-778915-D-12.wav,1,12,crackling_fire,TRUE,778915,D
2-275045-D-12.wav,2,12,crackling_fire,TRUE,275045,D
3-444541-A-12.wav,3,12,crackling_fire,TRUE,444541,A
4-733919-C-12.wav,4,12,crackling_fire,TRUE,733919,C
5-194964-B-12.wav,5,12,crackling_fire,TRUE,194964,B
1-861669-C-12.wav,1,12,crackling_fire,TRUE,861669,C
2-684185-C-12.wav,2,12,crackling_fire,TRUE,684185,C
3-401376-B-12.wav,3,12,crackling_fire,TRUE,401376,B
4-570004-C-12.wav,4,12,crackling_fire,TRUE,570004,C
5-488459-D-12.wav,5,12,crackling_fire,TRUE,488459,D
1-887782-B-13.wav,1,13,crickets,FALSE,887782,B
2-581757-D-13.wav,2,13,crickets,FALSE,581757,D
3-161883-C-13.wav,3,13,crickets,FALSE,161883,C
4-647423-D-13.wav,4,13,crickets,FALSE,647423,D
5-778777-A-13.wav,5,13,crickets,FALSE,778777,A
1-154871-A-13.wav,1,13,crickets,FALSE,154871,A
2-794276-C-13.wav,2,13,crickets,FALSE,794276,C
3-233330-A-13.wav,3,13,crickets,FALSE,233330,A
4-762571-B-13.wav,4,13,crickets,FALSE,762571,B
5-965732-D-13.wav,5,13,crickets,FALSE,965732,D
1-879679-D-13.wav,1,13,crickets,FALSE,879679,D
2-902951-B-13.wav,2,13,crickets,FALSE,902951,B
3-172775-C-13.wav,3,13,crickets,FALSE,172775,C
4-995314-D-13.wav,4,13,crickets,FALSE,995314,D
5-561602-A-13.wav,5,13,crickets,FALSE,561602,A
1-723107-C-13.wav,1,13,crickets,FALSE,723107,C
2-151561-B-13.wav,2,13,crickets,FALSE,151561,B
3-624130-C-13.wav,3,13,crickets,FALSE,624130,C
4-106258-D-13.wav,4,13,crickets,FALSE,106258,D
5-710816-C-13.wav,5,13,crickets,FALSE,710816,C
1-114972-A-13.wav,1,13,crickets,FALSE,114972,A
2-794757-D-13.wav,2,13,crickets,FALSE,794757,D
3-889677-B-13.wav,3,13,crickets,FALSE,889677,B
4-701215-D-13.wav,4,13,crickets,FALSE,701215,D
5-938248-A-13.wav,5,13,crickets,FALSE,938248,A
1-784443-C-13.wav,1,13,crickets,FALSE,784443,C
2-493944-D-13.wav,2,13,crickets,FALSE,493944,D
3-168257-D-13.wav,3,13,crickets,FALSE,168257,D
4-655883-A-13.wav,4,13,crickets,FALSE,655883,A
5-287749-D-13.wav,5,13,crickets,FALSE,287749,D
1-477819-A-13.wav,1,13,crickets,FALSE,477819,A
2-542716-B-13.wav,2,13,crickets,FALSE,542716,B
3-227949-B-13.wav,3,13,crickets,FALSE,227949,B
4-474943-D-13.wav,4,13,crickets,FALSE,474943,D
5-189244-A-13.wav,5,13,crickets,FALSE,189244,A
1-249152-C-13.wav,1,13,crickets,FALSE,249152,C
2-942031-B-13.wav,2,13,crickets,FALSE,942031,B
3-301348-D-13.wav,3,13,crickets,FALSE,301348,D
4-650945-C-13.wav,4,13,crickets,FALSE,650945,C
5-837785-D-13.wav,5,13,crickets,FALSE,837785,D
1-744774-D-14.wav,1,14,chirping_birds,FALSE,744774,D
2-321232-A-14.wav,2,14,chirping_birds,FALSE,321232,A
3-862639-C-14.wav,3,14,chirping_birds,FALSE,862639,C
4-740353-B-14.wav,4,14,chirping_birds,FALSE,740353,B
5-391872-D-14.wav,5,14,chirping_birds,FALSE,391872,D
1-470571-B-14.wav,1,14,chirping_birds,FALSE,470571,B
2-172344-B-14.wav,2,14,chirping_birds,FALSE,172344,B
3-327413-D-14.wav,3,14,chirping_birds,FALSE,327413,D
4-994490-D-14.wav,4,14,chirping_birds,FALSE,994490,D
5-162525-A-14.wav,5,14,chirping_birds,FALSE,162525,A
1-384775-D-14.wav,1,14,chirping_birds,FALSE,384775,D
2-282760-C-14.wav,2,14,chirping_birds,FALSE,282760,C
3-273563-B-14.wav,3,14,chirping_birds,FALSE,273563,B
4-585149-B-14.wav,4,14,chirping_birds,FALSE,585149,B
5-600800-C-14.wav,5,14,chirping_birds,FALSE,600800,C
1-744302-D-14.wav,1,14,chirping_birds,FALSE,744302,D
2-736120-C-14.wav,2,14,chirping_birds,FALSE,736120,C
3-337566-C-14.wav,3,14,chirping_birds,FALSE,337566,C
4-513946-B-14.wav,4,14,chirping_birds,FALSE,513946,B
5-980945-A-14.wav,5,14,chirping_birds,FALSE,980945,A
1-691889-A-14.wav,1,14,chirping_birds,FALSE,691889,A
2-922568-B-14.wav,2,14,chirping_birds,FALSE,922568,B
3-166894-B-14.wav,3,14,chirping_birds,FALSE,166894,B
4-872610-D-14.wav,4,14,chirping_birds,FALSE,872610,D
5-446217-C-14.wav,5,14,chirping_birds,FALSE,446217,C
1-984437-B-14.wav,1,14,chirping_birds,FALSE,984437,B
2-598807-D-14.wav,2,14,chirping_birds,FALSE,598807,D
3-425992-C-14.wav,3,14,chirping_birds,FALSE,425992,C
4-516835-D-14.wav,4,14,chirping_birds,FALSE,516835,D
5-169636-C-14.wav,5,14,chirping_birds,FALSE,169636,C
1-387010-D-14.wav,1,14,chirping_birds,FALSE,387010,D
2-438823-C-14.wav,2,14,chirping_birds,FALSE,438823,C
3-880144-D-14.wav,3,14,chirping_birds,FALSE,880144,D
4-391771-A-14.wav,4,14,chirping_birds,FALSE,391771,A
5-212850-D-14.wav,5,14,chirping_birds,FALSE,212850,D
1-633910-A-14.wav,1,14,chirping_birds,FALSE,633910,A
2-995773-C-14.wav,2,14,chirping_birds,FALSE,995773,C
3-393624-C-14.wav,3,14,chirping_birds,FALSE,393624,C
4-721862-D-14.wav,4,14,chirping_birds,FALSE,721862,D
5-997168-B-14.wav,5,14,chirping_birds,FALSE,997168,B
1-884411-B-15.wav,1,15,water_drops,FALSE,884411,B
2-207940-B-15.wav,2,15,water_drops,FALSE,207940,B
3-810194-B-15.wav,3,15,water_drops,FALSE,810194,B
4-263585-D-15.wav,4,15,water_drops,FALSE,263585,D
5-775089-C-15.wav,5,15,water_drops,FALSE,775089,C
1-130570-A-15.wav,1,15,water_drops,FALSE,130570,A
2-526826-D-15.wav,2,15,water_drops,FALSE,526826,D
3-497093-C-15.wav,3,15,water_drops,FALSE,497093,C
4-624068-C-15.wav,4,15,water_drops,FALSE,624068,C
5-914479-A-15.wav,5,15,water_drops,FALSE,914479,A
1-947365-A-15.wav,1,15,water_drops,FALSE,947365,A
2-231242-A-15.wav,2,15,water_drops,FALSE,231242,A
3-211767-C-15.wav,3,15,water_drops,FALSE,211767,C
4-390441-B-15.wav,4,15,water_drops,FALSE,390441,B
5-456388-C-15.wav,5,15,water_drops,FALSE,456388,C
1-366279-A-15.wav,1,15,water_drops,FALSE,366279,A
2-309931-A-15.wav,2,15,water_drops,FALSE,309931,A
3-631756-A-15.wav,3,15,water_drops,FALSE,631756,A
4-164373-A-15.wav,4,15,water_drops,FALSE,164373,A
5-566956-D-15.wav,5,15,water_drops,FALSE,566956,D
1-857901-B-15.wav,1,15,water_drops,FALSE,857901,B
2-581460-A-15.wav,2,15,water_drops,FALSE,581460,A
3-820272-A-15.wav,3,15,water_drops,FALSE,820272,A
4-833125-B-15.wav,4,15,water_drops,FALSE,833125,B
5-116906-A-15.wav,5,15,water_drops,FALSE,116906,A
1-479789-B-15.wav,1,15,water_drops,FALSE,479789,B
2-492679-A-15.wav,2,15,water_drops,FALSE,492679,A
3-965571-D-15.wav,3,15,water_drops,FALSE,965571,D
4-930524-A-15.wav,4,15,water_drops,FALSE,930524,A
5-574663-B-15.wav,5,15,water_drops,FALSE,574663,B
1-901947-A-15.wav,1,15,water_drops,FALSE,901947,A
2-954432-B-15.wav,2,15,water_drops,FALSE,954432,B
3-555397-C-15.wav,3,15,water_drops,FALSE,555397,C
4-803029-A-15.wav,4,15,water_drops,FALSE,803029,A
5-796060-C-15.wav,5,15,water_drops,FALSE,796060,C
1-876971-C-15.wav,1,15,water_drops,FALSE,876971,C
2-305468-B-15.wav,2,15,water_drops,FALSE,305468,B
3-757424-B-15.wav,3,15,water_drops,FALSE,757424,B
4-347460-D-15.wav,4,15,water_drops,FALSE,347460,D
5-165014-B-15.wav,5,15,water_drops,FALSE,165014,B
1-767126-C-16.wav,1,16,wind,FALSE,767126,C
2-626141-B-16.wav,2,16,wind,FALSE,626141,B
3-402469-A-16.wav,3,16,wind,FALSE,402469,A
4-794456-D-16.wav,4,16,wind,FALSE,794456,D
5-602706-A-16.wav,5,16,wind,FALSE,602706,A
1-899237-D-16.wav,1,16,wind,FALSE,899237,D
2-854853-A-16.wav,2,16,wind,FALSE,854853,A
3-885345-A-16.wav,3,16,wind,FALSE,885345,A
4-900936-D-16.wav,4,16,wind,FALSE,900936,D
5-999034-C-16.wav,5,16,wind,FALSE,999034,C
1-351122-D-16.wav,1,16,wind,FALSE,351122,D
2-360427-D-16.wav,2,16,wind,FALSE,360427,D
3-272500-D-16.wav,3,16,wind,FALSE,272500,D
4-395528-B-16.wav,4,16,wind,FALSE,395528,B
5-371014-A-16.wav,5,16,wind,FALSE,371014,A
1-517690-C-16.wav,1,16,wind,FALSE,517690,C
2-208160-D-16.wav,2,16,wind,FALSE,208160,D
3-908775-B-16.wav,3,16,wind,FALSE,908775,B
4-521527-B-16.wav,4,16,wind,FALSE,521527,B
5-599627-C-16.wav,5,16,wind,FALSE,599627,C
1-838447-B-16.wav,1,16,wind,FALSE,838447,B
2-981755-A-16.wav,2,16,wind,FALSE,981755,A
3-339832-A-16.wav,3,16,wind,FALSE,339832,A
4-661718-B-16.wav,4,16,wind,FALSE,661718,B
5-129954-C-16.wav,5,16,wind,FALSE,129954,C
1-606282-C-16.wav,1,16,wind,FALSE,606282,C
2-345460-A-16.wav,2,16,wind,FALSE,345460,A
3-181336-C-16.wav,3,16,wind,FALSE,181336,C
4-247484-B-16.wav,4,16,wind,FALSE,247484,B
5-372567-A-16.wav,5,16,wind,FALSE,372567,A
1-266272-B-16.wav,1,16,wind,FALSE,266272,B
2-451310-B-16.wav,2,16,wind,FALSE,451310,B
3-126039-C-16.wav,3,16,wind,FALSE,126039,C
4-785294-B-16.wav,4,16,wind,FALSE,785294,B
5-428140-D-16.wav,5,16,wind,FALSE,428140,D
1-951263-B-16.wav,1,16,wind,FALSE,951263,B
2-612150-C-16.wav,2,16,wind,FALSE,612150,C
3-636802-A-16.wav,3,16,wind,FALSE,636802,A
4-870901-C-16.wav,4,16,wind,FALSE,870901,C
5-760221-B-16.wav,5,16,wind,FALSE,760221,B
1-141297-C-17.wav,1,17,pouring_water,FALSE,141297,C
2-935642-D-17.wav,2,17,pouring_water,FALSE,935642,D
3-362348-A-17.wav,3,17,pouring_water,FALSE,362348,A
4-806510-C-17.wav,4,17,pouring_water,FALSE,806510,C
5-572166-A-17.wav,5,17,pouring_water,FALSE,572166,A
1-721141-B-17.wav,1,17,pouring_water,FALSE,721141,B
2-133090-A-17.wav,2,17,pouring_water,FALSE,133090,A
3-256253-A-17.wav,3,17,pouring_water,FALSE,256253,A
4-930991-C-17.wav,4,17,pouring_water,FALSE,930991,C
5-395406-A-17.wav,5,17,pouring_water,FALSE,395406,A
1-215511-C-17.wav,1,17,pouring_water,FALSE,215511,C
2-935916-A-17.wav,2,17,pouring_water,FALSE,935916,A
3-441803-B-17.wav,3,17,pouring_water,FALSE,441803,B
4-473043-D-17.wav,4,17,pouring_water,FALSE,473043,D
5-923854-C-17.wav,5,17,pouring_water,FALSE,923854,C
1-285490-D-17.wav,1,17,pouring_water,FALSE,285490,D
2-723001-B-17.wav,2,17,pouring_water,FALSE,723001,B
3-352118-A-17.wav,3,17,pouring_water,FALSE,352118,A
4-617700-B-17.wav,4,17,pouring_water,FALSE,617700,B
5-176945-B-17.wav,5,17,pouring_water,FALSE,176945,B
1-930557-C-17.wav,1,17,pouring_water,FALSE,930557,C
2-691360-C-17.wav,2,17,pouring_water,FALSE,691360,C
3-933465-D-17.wav,3,17,pouring_water,FALSE,933465,D
4-807878-D-17.wav,4,17,pouring_water,FALSE,807878,D
5-762101-A-17.wav,5,17,pouring_water,FALSE,762101,A
1-884527-B-17.wav,1,17,pouring_water,FALSE,884527,B
2-124587-D-17.wav,2,17,pouring_water,FALSE,124587,D
3-999164-B-17.wav,3,17,pouring_water,FALSE,999164,B
4-140553-A-17.wav,4,17,pouring_water,FALSE,140553,A
5-513347-D-17.wav,5,17,pouring_water,FALSE,513347,D
1-541287-C-17.wav,1,17,pouring_water,FALSE,541287,C
2-422123-B-17.wav,2,17,pouring_water,FALSE,422123,B
3-877516-A-17.wav,3,17,pouring_water,FALSE,877516,A
4-898448-C-17.wav,4,17,pouring_water,FALSE,898448,C
5-926606-C-17.wav,5,17,pouring_water,FALSE,926606,C
1-214973-C-17.wav,1,17,pouring_water,FALSE,214973,C
2-331250-B-17.wav,2,17,pouring_water,FALSE,331250,B
3-978001-B-17.wav,3,17,pouring_water,FALSE,978001,B
4-303570-B-17.wav,4,17,pouring_water,FALSE,303570,B
5-191858-D-17.wav,5,17,pouring_water,FALSE,191858,D
1-532137-A-18.wav,1,18,toilet_flush,FALSE,532137,A
2-419618-B-18.wav,2,18,toilet_flush,FALSE,419618,B
3-337557-D-18.wav,3,18,toilet_flush,FALSE,337557,D
4-514755-C-18.wav,4,18,toilet_flush,FALSE,514755,C
5-975785-C-18.wav,5,18,toilet_flush,FALSE,975785,C
1-824133-B-18.wav,1,18,toilet_flush,FALSE,824133,B
2-957885-A-18.wav,2,18,toilet_flush,FALSE,957885,A
3-582323-B-18.wav,3,18,toilet_flush,FALSE,582323,B
4-407016-A-18.wav,4,18,toilet_flush,FALSE,407016,A
5-504161-D-18.wav,5,18,toilet_flush,FALSE,504161,D
1-913266-C-18.wav,1,18,toilet_flush,FALSE,913266,C
2-560964-B-18.wav,2,18,toilet_flush,FALSE,560964,B
3-942848-A-18.wav,3,18,toilet_flush,FALSE,942848,A
4-891292-C-18.wav,4,18,toilet_flush,FALSE,891292,C
5-127711-A-18.wav,5,18,toilet_flush,FALSE,127711,A
1-204033-B-18.wav,1,18,toilet_flush,FALSE,204033,B
2-653188-B-18.wav,2,18,toilet_flush,FALSE,653188,B
3-595183-B-18.wav,3,18,toilet_flush,FALSE,595183,B
4-137604-C-18.wav,4,18,toilet_flush,FALSE,137604,C
5-255230-D-18.wav,5,18,toilet_flush,FALSE,255230,D
1-220586-B-18.wav,1,18,toilet_flush,FALSE,220586,B
2-327229-A-18.wav,2,18,toilet_flush,FALSE,327229,A
3-607497-D-18.wav,3,18,toilet_flush,FALSE,607497,D
4-353793-B-18.wav,4,18,toilet_flush,FALSE,353793,B
5-151665-B-18.wav,5,18,toilet_flush,FALSE,151665,B
1-989217-D-18.wav,1,18,toilet_flush,FALSE,989217,D
2-177376-A-18.wav,2,18,toilet_flush,FALSE,177376,A
3-328010-D-18.wav,3,18,toilet_flush,FALSE,328010,D
4-135261-A-18.wav,4,18,toilet_flush,FALSE,135261,A
5-560740-D-18.wav,5,18,toilet_flush,FALSE,560740,D
1-588578-C-18.wav,1,18,toilet_flush,FALSE,588578,C
2-751337-D-18.wav,2,18,toilet_flush,FALSE,751337,D
3-243547-B-18.wav,3,18,toilet_flush,FALSE,243547,B
4-988581-B-18.wav,4,18,toilet_flush,FALSE,988581,B
5-650670-B-18.wav,5,18,toilet_flush,FALSE,650670,B
1-377905-C-18.wav,1,18,toilet_flush,FALSE,377905,C
2-241686-B-18.wav,2,18,toilet_flush,FALSE,241686,B
3-786950-D-18.wav,3,18,toilet_flush,FALSE,786950,D
4-359632-A-18.wav,4,18,toilet_flush,FALSE,359632,A
5-240087-B-18.wav,5,18,toilet_flush,FALSE,240087,B
1-610732-A-19.wav,1,19,thunderstorm,FALSE,610732,A
2-380437-C-19.wav,2,19,thunderstorm,FALSE,380437,C
3-402330-C-19.wav,3,19,thunderstorm,FALSE,402330,C
4-841864-B-19.wav,4,19,thunderstorm,FALSE,841864,B
5-282845-B-19.wav,5,19,thunderstorm,FALSE,282845,B
1-767405-B-19.wav,1,19,thunderstorm,FALSE,767405,B
2-406652-D-19.wav,2,19,thunderstorm,FALSE,406652,D
3-825108-C-19.wav,3,19,thunderstorm,FALSE,825108,C
4-174119-B-19.wav,4,19,thunderstorm,FALSE,174119,B
5-835363-A-19.wav,5,19,thunderstorm,FALSE,835363,A
1-876338-D-19.wav,1,19,thunderstorm,FALSE,876338,D
2-408276-B-19.wav,2,19,thunderstorm,FALSE,408276,B
3-404444-C-19.wav,3,19,thunderstorm,FALSE,404444,C
4-274014-A-19.wav,4,19,thunderstorm,FALSE,274014,A
5-337271-D-19.wav,5,19,thunderstorm,FALSE,337271,D
1-275921-C-19.wav,1,19,thunderstorm,FALSE,275921,C
2-557851-B-19.wav,2,19,thunderstorm,FALSE,557851,B
3-914048-D-19.wav,3,19,thunderstorm,FALSE,914048,D
4-675547-A-19.wav,4,19,thunderstorm,FALSE,675547,A
5-730351-D-19.wav,5,19,thunderstorm,FALSE,730351,D
1-471908-B-19.wav,1,19,thunderstorm,FALSE,471908,B
2-168634-D-19.wav,2,19,thunderstorm,FALSE,168634,D
3-686500-B-19.wav,3,19,thunderstorm,FALSE,686500,B
4-575952-D-19.wav,4,19,thunderstorm,FALSE,575952,D
5-278957-D-19.wav,5,19,thunderstorm,FALSE,278957,D
1-385671-C-19.wav,1,19,thunderstorm,FALSE,385671,C
2-263876-B-19.wav,2,19,thunderstorm,FALSE,263876,B
3-852491-A-19.wav,3,19,thunderstorm,FALSE,852491,A
4-189509-A-19.wav,4,19,thunderstorm,FALSE,189509,A
5-741437-A-19.wav,5,19,thunderstorm,FALSE,741437,A
1-983998-D-19.wav,1,19,thunderstorm,FALSE,983998,D
2-934281-B-19.wav,2,19,thunderstorm,FALSE,934281,B
3-380547-C-19.wav,3,19,thunderstorm,FALSE,380547,C
4-879063-B-19.wav,4,19,thunderstorm,FALSE,879063,B
5-398972-D-19.wav,5,19,thunderstorm,FALSE,398972,D
1-127629-B-19.wav,1,19,thunderstorm,FALSE,127629,B
2-440390-B-19.wav,2,19,thunderstorm,FALSE,440390,B
3-668602-D-19.wav,3,19,thunderstorm,FALSE,668602,D
4-627581-A-19.wav,4,19,thunderstorm,FALSE,627581,A
5-819413-B-19.wav,5,19,thunderstorm,FALSE,819413,B
1-753231-D-20.wav,1,20,crying_baby,TRUE,753231,D
2-643025-C-20.wav,2,20,crying_baby,TRUE,643025,C
3-463408-C-20.wav,3,20,crying_baby,TRUE,463408,C
4-506125-D-20.wav,4,20,crying_baby,TRUE,506125,D
5-886235-B-20.wav,5,20,crying_baby,TRUE,886235,B
1-229845-B-20.wav,1,20,crying_baby,TRUE,229845,B
2-273817-D-20.wav,2,20,crying_baby,TRUE,273817,D
3-886903-D-20.wav,3,20,crying_baby,TRUE,886903,D
4-375571-C-20.wav,4,20,crying_baby,TRUE,375571,C
5-990556-A-20.wav,5,20,crying_baby,TRUE,990556,A
1-413796-C-20.wav,1,20,crying_baby,TRUE,413796,C
2-691573-B-20.wav,2,20,crying_baby,TRUE,691573,B
3-268575-B-20.wav,3,20,crying_baby,TRUE,268575,B
4-411073-D-20.wav,4,20,crying_baby,TRUE,411073,D
5-688409-A-20.wav,5,20,crying_baby,TRUE,688409,A
1-942072-B-20.wav,1,20,crying_baby,TRUE,942072,B
2-153978-C-20.wav,2,20,crying_baby,TRUE,153978,C
3-408408-C-20.wav,3,20,crying_baby,TRUE,408408,C
4-279950-B-20.wav,4,20,crying_baby,TRUE,279950,B
5-711167-C-20.wav,5,20,crying_baby,TRUE,711167,C
1-785185-C-20.wav,1,20,crying_baby,TRUE,785185,C
2-519834-D-20.wav,2,20,crying_baby,TRUE,519834,D
3-741326-B-20.wav,3,20,crying_baby,TRUE,741326,B
4-440185-A-20.wav,4,20,crying_baby,TRUE,440185,A
5-835009-A-20.wav,5,20,crying_baby,TRUE,835009,A
1-487760-A-20.wav,1,20,crying_baby,TRUE,487760,A
2-100488-C-20.wav,2,20,crying_baby,TRUE,100488,C
3-917018-C-20.wav,3,20,crying_baby,TRUE,917018,C
4-932778-A-20.wav,4,20,crying_baby,TRUE,932778,A
5-759598-B-20.wav,5,20,crying_baby,TRUE,759598,B
1-273714-A-20.wav,1,20,crying_baby,TRUE,273714,A
2-371787-B-20.wav,2,20,crying_baby,TRUE,371787,B
3-375163-D-20.wav,3,20,crying_baby,TRUE,375163,D
4-469514-A-20.wav,4,20,crying_baby,TRUE,469514,A
5-671746-D-20.wav,5,20,crying_baby,TRUE,671746,D
1-829382-A-20.wav,1,20,crying_baby,TRUE,829382,A
2-633811-A-20.wav,2,20,crying_baby,TRUE,633811,A
3-127872-C-20.wav,3,20,crying_baby,TRUE,127872,C
4-926924-A-20.wav,4,20,crying_baby,TRUE,926924,A
5-182336-C-20.wav,5,20,crying_baby,TRUE,182336,C
1-798340-A-21.wav,1,21,sneezing,TRUE,798340,A
2-327252-D-21.wav,2,21,sneezing,TRUE,327252,D
3-318883-D-21.wav,3,21,sneezing,TRUE,318883,D
4-873962-A-21.wav,4,21,sneezing,TRUE,873962,A
5-639570-A-21.wav,5,21,sneezing,TRUE,639570,A
1-200914-B-21.wav,1,21,sneezing,TRUE,200914,B
2-357604-C-21.wav,2,21,sneezing,TRUE,357604,C
3-359742-A-21.wav,3,21,sneezing,TRUE,359742,A
4-345267-D-21.wav,4,21,sneezing,TRUE,345267,D
5-339543-D-21.wav,5,21,sneezing,TRUE,339543,D
1-600275-B-21.wav,1,21,sneezing,TRUE,600275,B
2-181033-A-21.wav,2,21,sneezing,TRUE,181033,A
3-180013-D-21.wav,3,21,sneezing,TRUE,180013,D
4-231745-B-21.wav,4,21,sneezing,TRUE,231745,B
5-540317-B-21.wav,5,21,sneezing,TRUE,540317,B
1-633305-C-21.wav,1,21,sneezing,TRUE,633305,C
2-534585-C-21.wav,2,21,sneezing,TRUE,534585,C
3-932582-A-21.wav,3,21,sneezing,TRUE,932582,A
4-865342-D-21.wav,4,21,sneezing,TRUE,865342,D
5-408013-A-21.wav,5,21,sneezing,TRUE,408013,A
1-733591-A-21.wav,1,21,sneezing,TRUE,733591,A
2-689056-A-21.wav,2,21,sneezing,TRUE,689056,A
3-245032-D-21.wav,3,21,sneezing,TRUE,245032,D
4-531858-B-21.wav,4,21,sneezing,TRUE,531858,B
5-762508-B-21.wav,5,21,sneezing,TRUE,762508,B
1-491031-B-21.wav,1,21,sneezing,TRUE,491031,B
2-483942-D-21.wav,2,21,sneezing,TRUE,483942,D
3-787628-A-21.wav,3,21,sneezing,TRUE,787628,A
4-384535-C-21.wav,4,21,sneezing,TRUE,384535,C
5-502046-C-21.wav,5,21,sneezing,TRUE,502046,C
1-196031-C-21.wav,1,21,sneezing,TRUE,196031,C
2-697173-D-21.wav,2,21,sneezing,TRUE,697173,D
3-822107-B-21.wav,3,21,sneezing,TRUE,822107,B
4-294918-D-21.wav,4,21,sneezing,TRUE,294918,D
5-580483-C-21.wav,5,21,sneezing,TRUE,580483,C
1-335107-B-21.wav,1,21,sneezing,TRUE,335107,B
2-591293-C-21.wav,2,21,sneezing,TRUE,591293,C
3-203548-A-21.wav,3,21,sneezing,TRUE,203548,A
4-237581-A-21.wav,4,21,sneezing,TRUE,237581,A
5-994160-C-21.wav,5,21,sneezing,TRUE,994160,C
1-869840-B-22.wav,1,22,clapping,FALSE,869840,B
2-598345-C-22.wav,2,22,clapping,FALSE,598345,C
3-658883-C-22.wav,3,22,clapping,FALSE,658883,C
4-161793-A-22.wav,4,22,clapping,FALSE,161793,A
5-127868-D-22.wav,5,22,clapping,FALSE,127868,D
1-893501-D-22.wav,1,22,clapping,FALSE,893501,D
2-131093-D-22.wav,2,22,clapping,FALSE,131093,D
3-492234-D-22.wav,3,22,clapping,FALSE,492234,D
4-158419-D-22.wav,4,22,clapping,FALSE,158419,D
5-616339-D-22.wav,5,22,clapping,FALSE,616339,D
1-613619-A-22.wav,1,22,clapping,FALSE,613619,A
2-629951-B-22.wav,2,22,clapping,FALSE,629951,B
3-846786-B-22.wav,3,22,clapping,FALSE,846786,B
4-430661-A-22.wav,4,22,clapping,FALSE,430661,A
5-467545-D-22.wav,5,22,clapping,FALSE,467545,D
1-961988-B-22.wav,1,22,clapping,FALSE,961988,B
2-216871-C-22.wav,2,22,clapping,FALSE,216871,C
3-172632-D-22.wav,3,22,clapping,FALSE,172632,D
4-691710-D-22.wav,4,22,clapping,FALSE,691710,D
5-605584-B-22.wav,5,22,clapping,FALSE,605584,B
1-134678-C-22.wav,1,22,clapping,FALSE,134678,C
2-128192-D-22.wav,2,22,clapping,FALSE,128192,D
3-129935-D-22.wav,3,22,clapping,FALSE,129935,D
4-831979-D-22.wav,4,22,clapping,FALSE,831979,D
5-904135-B-22.wav,5,22,clapping,FALSE,904135,B
1-557727-D-22.wav,1,22,clapping,FALSE,557727,D
2-930191-C-22.wav,2,22,clapping,FALSE,930191,C
3-209837-C-22.wav,3,22,clapping,FALSE,209837,C
4-425354-B-22.wav,4,22,clapping,FALSE,425354,B
5-141980-A-22.wav,5,22,clapping,FALSE,141980,A
1-216031-D-22.wav,1,22,clapping,FALSE,216031,D
2-576424-A-22.wav,2,22,clapping,FALSE,576424,A
3-894913-A-22.wav,3,22,clapping,FALSE,894913,A
4-990446-D-22.wav,4,22,clapping,FALSE,990446,D
5-192939-A-22.wav,5,22,clapping,FALSE,192939,A
1-717024-A-22.wav,1,22,clapping,FALSE,717024,A
2-537313-D-22.wav,2,22,clapping,FALSE,537313,D
3-689030-C-22.wav,3,22,clapping,FALSE,689030,C
4-305213-A-22.wav,4,22,clapping,FALSE,305213,A
5-412152-B-22.wav,5,22,clapping,FALSE,412152,B
1-734829-D-23.wav,1,23,breathing,FALSE,734829,D
2-104942-C-23.wav,2,23,breathing,FALSE,104942,C
3-976807-A-23.wav,3,23,breathing,FALSE,976807,A
4-965479-B-23.wav,4,23,breathing,FALSE,965479,B
5-767203-C-23.wav,5,23,breathing,FALSE,767203,C
1-838434-B-23.wav,1,23,breathing,FALSE,838434,B
2-284639-D-23.wav,2,23,breathing,FALSE,284639,D
3-235056-D-23.wav,3,23,breathing,FALSE,235056,D
4-454057-A-23.wav,4,23,breathing,FALSE,454057,A
5-472031-D-23.wav,5,23,breathing,FALSE,472031,D
1-317008-C-23.wav,1,23,breathing,FALSE,317008,C
2-262477-C-23.wav,2,23,breathing,FALSE,262477,C
3-486217-C-23.wav,3,23,breathing,FALSE,486217,C
4-261278-C-23.wav,4,23,breathing,FALSE,261278,C
5-192825-A-23.wav,5,23,breathing,FALSE,192825,A
1-617052-A-23.wav,1,23,breathing,FALSE,617052,A
2-169352-A-23.wav,2,23,breathing,FALSE,169352,A
3-736515-D-23.wav,3,23,breathing,FALSE,736515,D
4-940093-B-23.wav,4,23,breathing,FALSE,940093,B
5-183741-A-23.wav,5,23,breathing,FALSE,183741,A
1-354362-D-23.wav,1,23,breathing,FALSE,354362,D
2-167939-A-23.wav,2,23,breathing,FALSE,167939,A
3-963236-D-23.wav,3,23,breathing,FALSE,963236,D
4-297477-B-23.wav,4,23,breathing,FALSE,297477,B
5-932207-B-23.wav,5,23,breathing,FALSE,932207,B
1-317976-C-23.wav,1,23,breathing,FALSE,317976,C
2-608008-B-23.wav,2,23,breathing,FALSE,608008,B
3-821937-A-23.wav,3,23,breathing,FALSE,821937,A
4-657429-A-23.wav,4,23,breathing,FALSE,657429,A
5-855844-A-23.wav,5,23,breathing,FALSE,855844,A
1-288785-B-23.wav,1,23,breathing,FALSE,288785,B
2-733947-D-23.wav,2,23,breathing,FALSE,733947,D
3-849645-B-23.wav,3,23,breathing,FALSE,849645,B
4-252839-B-23.wav,4,23,breathing,FALSE,252839,B
5-358025-D-23.wav,5,23,breathing,FALSE,358025,D
1-529561-D-23.wav,1,23,breathing,FALSE,529561,D
2-408684-D-23.wav,2,23,breathing,FALSE,408684,D
3-493951-D-23.wav,3,23,breathing,FALSE,493951,D
4-926048-C-23.wav,4,23,breathing,FALSE,926048,C
5-311322-D-23.wav,5,23,breathing,FALSE,311322,D
1-199502-A-24.wav,1,24,coughing,FALSE,199502,A
2-873856-B-24.wav,2,24,coughing,FALSE,873856,B
3-367896-B-24.wav,3,24,coughing,FALSE,367896,B
4-584937-C-24.wav,4,24,coughing,FALSE,584937,C
5-974670-D-24.wav,5,24,coughing,FALSE,974670,D
1-283130-B-24.wav,1,24,coughing,FALSE,283130,B
2-400908-D-24.wav,2,24,coughing,FALSE,400908,D
3-554900-A-24.wav,3,24,coughing,FALSE,554900,A
4-163218-A-24.wav,4,24,coughing,FALSE,163218,A
5-250898-C-24.wav,5,24,coughing,FALSE,250898,C
1-647598-C-24.wav,1,24,coughing,FALSE,647598,C
2-339945-A-24.wav,2,24,coughing,FALSE,339945,A
3-746811-C-24.wav,3,24,coughing,FALSE,746811,C
4-909034-B-24.wav,4,24,coughing,FALSE,909034,B
5-894795-A-24.wav,5,24,coughing,FALSE,894795,A
1-622965-C-24.wav,1,24,coughing,FALSE,622965,C
2-133113-A-24.wav,2,24,coughing,FALSE,133113,A
3-113832-C-24.wav,3,24,coughing,FALSE,113832,C
4-343824-D-24.wav,4,24,coughing,FALSE,343824,D
5-280756-D-24.wav,5,24,coughing,FALSE,280756,D
1-246467-A-24.wav,1,24,coughing,FALSE,246467,A
2-420223-D-24.wav,2,24,coughing,FALSE,420223,D
3-245789-D-24.wav,3,24,coughing,FALSE,245789,D
4-135017-B-24.wav,4,24,coughing,FALSE,135017,B
5-671042-D-24.wav,5,24,coughing,FALSE,671042,D
1-563097-B-24.wav,1,24,coughing,FALSE,563097,B
2-433046-B-24.wav,2,24,coughing,FALSE,433046,B
3-142028-B-24.wav,3,24,coughing,FALSE,142028,B
4-277331-C-24.wav,4,24,coughing,FALSE,277331,C
5-881166-A-24.wav,5,24,coughing,FALSE,881166,A
1-156741-C-24.wav,1,24,coughing,FALSE,156741,C
2-480605-A-24.wav,2,24,coughing,FALSE,480605,A
3-117907-B-24.wav,3,24,coughing,FALSE,117907,B
4-595934-C-24.wav,4,24,coughing,FALSE,595934,C
5-688751-D-24.wav,5,24,coughing,FALSE,688751,D
1-622533-B-24.wav,1,24,coughing,FALSE,622533,B
2-229862-D-24.wav,2,24,coughing,FALSE,229862,D
3-598492-C-24.wav,3,24,coughing,FALSE,598492,C
4-439786-B-24.wav,4,24,coughing,FALSE,439786,B
5-603490-B-24.wav,5,24,coughing,FALSE,603490,B
1-860494-C-25.wav,1,25,footsteps,FALSE,860494,C
2-919911-D-25.wav,2,25,footsteps,FALSE,919911,D
3-835938-D-25.wav,3,25,footsteps,FALSE,835938,D
4-208771-A-25.wav,4,25,footsteps,FALSE,208771,A
5-766397-A-25.wav,5,25,footsteps,FALSE,766397,A
1-393283-D-25.wav,1,25,footsteps,FALSE,393283,D
2-852939-C-25.wav,2,25,footsteps,FALSE,852939,C
3-794157-D-25.wav,3,25,footsteps,FALSE,794157,D
4-498710-C-25.wav,4,25,footsteps,FALSE,498710,C
5-924875-D-25.wav,5,25,footsteps,FALSE,924875,D
1-459589-C-25.wav,1,25,footsteps,FALSE,459589,C
2-410043-A-25.wav,2,25,footsteps,FALSE,410043,A
3-589614-A-25.wav,3,25,footsteps,FALSE,589614,A
4-615540-D-25.wav,4,25,footsteps,FALSE,615540,D
5-229495-A-25.wav,5,25,footsteps,FALSE,229495,A
1-561160-C-25.wav,1,25,footsteps,FALSE,561160,C
2-715534-D-25.wav,2,25,footsteps,FALSE,715534,D
3-370902-A-25.wav,3,25,footsteps,FALSE,370902,A
4-363586-A-25.wav,4,25,footsteps,FALSE,363586,A
5-573551-D-25.wav,5,25,footsteps,FALSE,573551,D
1-527446-C-25.wav,1,25,footsteps,FALSE,527446,C
2-932117-C-25.wav,2,25,footsteps,FALSE,932117,C
3-396988-D-25.wav,3,25,footsteps,FALSE,396988,D
4-566848-B-25.wav,4,25,footsteps,FALSE,566848,B
5-563740-D-25.wav,5,25,footsteps,FALSE,563740,D
1-955225-D-25.wav,1,25,footsteps,FALSE,955225,D
2-789614-C-25.wav,2,25,footsteps,FALSE,789614,C
3-936930-D-25.wav,3,25,footsteps,FALSE,936930,D
4-578753-A-25.wav,4,25,footsteps,FALSE,578753,A
5-755975-A-25.wav,5,25,footsteps,FALSE,755975,A
1-573529-C-25.wav,1,25,footsteps,FALSE,573529,C
2-815098-D-25.wav,2,25,footsteps,FALSE,815098,D
3-790983-A-25.wav,3,25,footsteps,FALSE,790983,A
4-501111-A-25.wav,4,25,footsteps,FALSE,501111,A
5-560161-A-25.wav,5,25,footsteps,FALSE,560161,A
1-479394-C-25.wav,1,25,footsteps,FALSE,479394,C
2-175264-B-25.wav,2,25,footsteps,FALSE,175264,B
3-450235-D-25.wav,3,25,footsteps,FALSE,450235,D
4-624718-D-25.wav,4,25,footsteps,FALSE,624718,D
5-790169-C-25.wav,5,25,footsteps,FALSE,790169,C
1-246608-B-26.wav,1,26,laughing,FALSE,246608,B
2-637552-A-26.wav,2,26,laughing,FALSE,637552,A
3-738156-A-26.wav,3,26,laughing,FALSE,738156,A
4-819704-D-26.wav,4,26,laughing,FALSE,819704,D
5-712342-B-26.wav,5,26,laughing,FALSE,712342,B
1-770645-B-26.wav,1,26,laughing,FALSE,770645,B
2-871107-B-26.wav,2,26,laughing,FALSE,871107,B
3-828904-A-26.wav,3,26,laughing,FALSE,828904,A
4-451764-B-26.wav,4,26,laughing,FALSE,451764,B
5-293154-A-26.wav,5,26,laughing,FALSE,293154,A
1-486120-B-26.wav,1,26,laughing,FALSE,486120,B
2-745807-A-26.wav,2,26,laughing,FALSE,745807,A
3-927003-B-26.wav,3,26,laughing,FALSE,927003,B
4-859501-D-26.wav,4,26,laughing,FALSE,859501,D
5-674460-B-26.wav,5,26,laughing,FALSE,674460,B
1-199161-A-26.wav,1,26,laughing,FALSE,199161,A
2-581596-D-26.wav,2,26,laughing,FALSE,581596,D
3-460347-D-26.wav,3,26,laughing,FALSE,460347,D
4-138407-A-26.wav,4,26,laughing,FALSE,138407,A
5-764445-B-26.wav,5,26,laughing,FALSE,764445,B
1-840630-D-26.wav,1,26,laughing,FALSE,840630,D
2-867137-B-26.wav,2,26,laughing,FALSE,867137,B
3-483355-C-26.wav,3,26,laughing,FALSE,483355,C
4-925053-C-26.wav,4,26,laughing,FALSE,925053,C
5-335816-B-26.wav,5,26,laughing,FALSE,335816,B
1-367067-D-26.wav,1,26,laughing,FALSE,367067,D
2-370335-D-26.wav,2,26,laughing,FALSE,370335,D
3-678565-A-26.wav,3,26,laughing,FALSE,678565,A
4-416771-A-26.wav,4,26,laughing,FALSE,416771,A
5-601386-D-26.wav,5,26,laughing,FALSE,601386,D
1-556582-B-26.wav,1,26,laughing,FALSE,556582,B
2-557872-A-26.wav,2,26,laughing,FALSE,557872,A
3-962680-D-26.wav,3,26,laughing,FALSE,962680,D
4-209559-D-26.wav,4,26,laughing,FALSE,209559,D
5-487174-C-26.wav,5,26,laughing,FALSE,487174,C
1-661867-C-26.wav,1,26,laughing,FALSE,661867,C
2-429709-D-26.wav,2,26,laughing,FALSE,429709,D
3-258044-A-26.wav,3,26,laughing,FALSE,258044,A
4-608942-D-26.wav,4,26,laughing,FALSE,608942,D
5-494435-B-26.wav,5,26,laughing,FALSE,494435,B
1-731512-B-27.wav,1,27,brushing_teeth,FALSE,731512,B
2-110285-A-27.wav,2,27,brushing_teeth,FALSE,110285,A
3-517398-C-27.wav,3,27,brushing_teeth,FALSE,517398,C
4-544559-D-27.wav,4,27,brushing_teeth,FALSE,544559,D
5-621347-B-27.wav,5,27,brushing_teeth,FALSE,621347,B
1-105885-C-27.wav,1,27,brushing_teeth,FALSE,105885,C
2-885880-A-27.wav,2,27,brushing_teeth,FALSE,885880,A
3-551334-B-27.wav,3,27,brushing_teeth,FALSE,551334,B
4-942831-A-27.wav,4,27,brushing_teeth,FALSE,942831,A
5-828316-A-27.wav,5,27,brushing_teeth,FALSE,828316,A
1-725299-D-27.wav,1,27,brushing_teeth,FALSE,725299,D
2-813340-D-27.wav,2,27,brushing_teeth,FALSE,813340,D
3-246186-C-27.wav,3,27,brushing_teeth,FALSE,246186,C
4-395030-C-27.wav,4,27,brushing_teeth,FALSE,395030,C
5-911228-A-27.wav,5,27,brushing_teeth,FALSE,911228,A
1-587957-D-27.wav,1,27,brushing_teeth,FALSE,587957,D
2-839166-D-27.wav,2,27,brushing_teeth,FALSE,839166,D
3-155685-A-27.wav,3,27,brushing_teeth,FALSE,155685,A
4-398915-C-27.wav,4,27,brushing_teeth,FALSE,398915,C
5-399119-A-27.wav,5,27,brushing_teeth,FALSE,399119,A
1-738460-C-27.wav,1,27,brushing_teeth,FALSE,738460,C
2-922583-A-27.wav,2,27,brushing_teeth,FALSE,922583,A
3-733838-C-27.wav,3,27,brushing_teeth,FALSE,733838,C
4-555555-D-27.wav,4,27,brushing_teeth,FALSE,555555,D
5-866599-A-27.wav,5,27,brushing_teeth,FALSE,866599,A
1-376234-A-27.wav,1,27,brushing_teeth,FALSE,376234,A
2-517931-C-27.wav,2,27,brushing_teeth,FALSE,517931,C
3-543882-A-27.wav,3,27,brushing_teeth,FALSE,543882,A
4-460195-D-27.wav,4,27,brushing_teeth,FALSE,460195,D
5-230401-A-27.wav,5,27,brushing_teeth,FALSE,230401,A
1-530037-C-27.wav,1,27,brushing_teeth,FALSE,530037,C
2-115086-D-27.wav,2,27,brushing_teeth,FALSE,115086,D
3-638106-B-27.wav,3,27,brushing_teeth,FALSE,638106,B
4-629202-D-27.wav,4,27,brushing_teeth,FALSE,629202,D
5-434844-A-27.wav,5,27,brushing_teeth,FALSE,434844,A
1-879626-D-27.wav,1,27,brushing_teeth,FALSE,879626,D
2-963688-D-27.wav,2,27,brushing_teeth,FALSE,963688,D
3-384784-A-27.wav,3,27,brushing_teeth,FALSE,384784,A
4-494004-C-27.wav,4,27,brushing_teeth,FALSE,494004,C
5-894923-A-27.wav,5,27,brushing_teeth,FALSE,894923,A
1-127999-A-28.wav,1,28,snoring,FALSE,127999,A
2-311598-D-28.wav,2,28,snoring,FALSE,311598,D
3-614113-C-28.wav,3,28,snoring,FALSE,614113,C
4-985052-B-28.wav,4,28,snoring,FALSE,985052,B
5-263519-C-28.wav,5,28,snoring,FALSE,263519,C
1-191371-C-28.wav,1,28,snoring,FALSE,191371,C
2-471601-B-28.wav,2,28,snoring,FALSE,471601,B
3-526789-C-28.wav,3,28,snoring,FALSE,526789,C
4-978539-B-28.wav,4,28,snoring,FALSE,978539,B
5-968356-D-28.wav,5,28,snoring,FALSE,968356,D
1-306161-A-28.wav,1,28,snoring,FALSE,306161,A
2-960345-B-28.wav,2,28,snoring,FALSE,960345,B
3-761138-B-28.wav,3,28,snoring,FALSE,761138,B
4-669090-A-28.wav,4,28,snoring,FALSE,669090,A
5-668625-B-28.wav,5,28,snoring,FALSE,668625,B
1-266551-A-28.wav,1,28,snoring,FALSE,266551,A
2-399246-D-28.wav,2,28,snoring,FALSE,399246,D
3-456013-A-28.wav,3,28,snoring,FALSE,456013,A
4-554235-B-28.wav,4,28,snoring,FALSE,554235,B
5-375491-D-28.wav,5,28,snoring,FALSE,375491,D
1-315715-A-28.wav,1,28,snoring,FALSE,315715,A
2-444190-A-28.wav,2,28,snoring,FALSE,444190,A
3-696729-A-28.wav,3,28,snoring,FALSE,696729,A
4-320407-A-28.wav,4,28,snoring,FALSE,320407,A
5-710224-C-28.wav,5,28,snoring,FALSE,710224,C
1-975540-A-28.wav,1,28,snoring,FALSE,975540,A
2-178935-B-28.wav,2,28,snoring,FALSE,178935,B
3-747532-B-28.wav,3,28,snoring,FALSE,747532,B
4-754175-D-28.wav,4,28,snoring,FALSE,754175,D
5-662006-C-28.wav,5,28,snoring,FALSE,662006,C
1-215127-D-28.wav,1,28,snoring,FALSE,215127,D
2-989189-D-28.wav,2,28,snoring,FALSE,989189,D
3-134089-A-28.wav,3,28,snoring,FALSE,134089,A
4-542891-B-28.wav,4,28,snoring,FALSE,542891,B
5-129471-B-28.wav,5,28,snoring,FALSE,129471,B
1-881668-D-28.wav,1,28,snoring,FALSE,881668,D
2-379619-C-28.wav,2,28,snoring,FALSE,379619,C
3-707376-D-28.wav,3,28,snoring,FALSE,707376,D
4-429623-C-28.wav,4,28,snoring,FALSE,429623,C
5-238935-D-28.wav,5,28,snoring,FALSE,238935,D
1-209607-A-29.wav,1,29,drinking_sipping,FALSE,209607,A
2-368394-A-29.wav,2,29,drinking_sipping,FALSE,368394,A
3-210648-B-29.wav,3,29,drinking_sipping,FALSE,210648,B
4-513805-A-29.wav,4,29,drinking_sipping,FALSE,513805,A
5-733303-B-29.wav,5,29,drinking_sipping,FALSE,733303,B
1-847368-B-29.wav,1,29,drinking_sipping,FALSE,847368,B
2-531023-C-29.wav,2,29,drinking_sipping,FALSE,531023,C
3-903923-B-29.wav,3,29,drinking_sipping,FALSE,903923,B
4-403299-B-29.wav,4,29,drinking_sipping,FALSE,403299,B
5-249455-C-29.wav,5,29,drinking_sipping,FALSE,249455,C
1-953585-D-29.wav,1,29,drinking_sipping,FALSE,953585,D
2-862130-D-29.wav,2,29,drinking_sipping,FALSE,862130,D
3-377440-B-29.wav,3,29,drinking_sipping,FALSE,377440,B
4-948614-B-29.wav,4,29,drinking_sipping,FALSE,948614,B
5-663898-D-29.wav,5,29,drinking_sipping,FALSE,663898,D
1-589884-A-29.wav,1,29,drinking_sipping,FALSE,589884,A
2-320017-D-29.wav,2,29,drinking_sipping,FALSE,320017,D
3-109654-A-29.wav,3,29,drinking_sipping,FALSE,109654,A
4-809730-C-29.wav,4,29,drinking_sipping,FALSE,809730,C
5-471752-C-29.wav,5,29,drinking_sipping,FALSE,471752,C
1-426525-C-29.wav,1,29,drinking_sipping,FALSE,426525,C
2-938575-B-29.wav,2,29,drinking_sipping,FALSE,938575,B
3-248922-A-29.wav,3,29,drinking_sipping,FALSE,248922,A
4-983149-B-29.wav,4,29,drinking_sipping,FALSE,983149,B
5-143836-C-29.wav,5,29,drinking_sipping,FALSE,143836,C
1-429283-B-29.wav,1,29,drinking_sipping,FALSE,429283,B
2-789112-D-29.wav,2,29,drinking_sipping,FALSE,789112,D
3-846181-A-29.wav,3,29,drinking_sipping,FALSE,846181,A
4-676306-D-29.wav,4,29,drinking_sipping,FALSE,676306,D
5-241277-C-29.wav,5,29,drinking_sipping,FALSE,241277,C
1-456996-B-29.wav,1,29,drinking_sipping,FALSE,456996,B
2-474060-D-29.wav,2,29,drinking_sipping,FALSE,474060,D
3-581589-C-29.wav,3,29,drinking_sipping,FALSE,581589,C
4-301904-B-29.wav,4,29,drinking_sipping,FALSE,301904,B
5-863326-D-29.wav,5,29,drinking_sipping,FALSE,863326,D
1-188037-D-29.wav,1,29,drinking_sipping,FALSE,188037,D
2-740088-C-29.wav,2,29,drinking_sipping,FALSE,740088,C
3-749548-C-29.wav,3,29,drinking_sipping,FALSE,749548,C
4-220170-A-29.wav,4,29,drinking_sipping,FALSE,220170,A
5-550815-C-29.wav,5,29,drinking_sipping,FALSE,550815,C
1-496272-A-30.wav,1,30,door_wood_knock,FALSE,496272,A
2-232218-A-30.wav,2,30,door_wood_knock,FALSE,232218,A
3-824230-B-30.wav,3,30,door_wood_knock,FALSE,824230,B
4-479385-D-30.wav,4,30,door_wood_knock,FALSE,479385,D
5-503788-A-30.wav,5,30,door_wood_knock,FALSE,503788,A
1-440108-D-30.wav,1,30,door_wood_knock,FALSE,440108,D
2-103707-A-30.wav,2,30,door_wood_knock,FALSE,103707,A
3-285006-D-30.wav,3,30,door_wood_knock,FALSE,285006,D
4-507778-D-30.wav,4,30,door_wood_knock,FALSE,507778,D
5-793272-D-30.wav,5,30,door_wood_knock,FALSE,793272,D
1-781168-A-30.wav,1,30,door_wood_knock,FALSE,781168,A
2-333716-C-30.wav,2,30,door_wood_knock,FALSE,333716,C
3-869378-A-30.wav,3,30,door_wood_knock,FALSE,869378,A
4-358804-A-30.wav,4,30,door_wood_knock,FALSE,358804,A
5-206237-C-30.wav,5,30,door_wood_knock,FALSE,206237,C
1-589404-D-30.wav,1,30,door_wood_knock,FALSE,589404,D
2-383892-D-30.wav,2,30,door_wood_knock,FALSE,383892,D
3-614087-D-30.wav,3,30,door_wood_knock,FALSE,614087,D
4-540988-C-30.wav,4,30,door_wood_knock,FALSE,540988,C
5-467401-C-30.wav,5,30,door_wood_knock,FALSE,467401,C
1-537564-D-30.wav,1,30,door_wood_knock,FALSE,537564,D
2-251963-C-30.wav,2,30,door_wood_knock,FALSE,251963,C
3-552246-D-30.wav,3,30,door_wood_knock,FALSE,552246,D
4-285456-B-30.wav,4,30,door_wood_knock,FALSE,285456,B
5-237662-B-30.wav,5,30,door_wood_knock,FALSE,237662,B
1-441657-D-30.wav,1,30,door_wood_knock,FALSE,441657,D
2-385020-C-30.wav,2,30,door_wood_knock,FALSE,385020,C
3-314622-C-30.wav,3,30,door_wood_knock,FALSE,314622,C
4-585902-C-30.wav,4,30,door_wood_knock,FALSE,585902,C
5-889379-A-30.wav,5,30,door_wood_knock,FALSE,889379,A
1-573109-D-30.wav,1,30,door_wood_knock,FALSE,573109,D
2-938263-B-30.wav,2,30,door_wood_knock,FALSE,938263,B
3-433251-D-30.wav,3,30,door_wood_knock,FALSE,433251,D
4-312279-A-30.wav,4,30,door_wood_knock,FALSE,312279,A
5-366164-A-30.wav,5,30,door_wood_knock,FALSE,366164,A
1-930884-D-30.wav,1,30,door_wood_knock,FALSE,930884,D
2-231926-C-30.wav,2,30,door_wood_knock,FALSE,231926,C
3-797357-C-30.wav,3,30,door_wood_knock,FALSE,797357,C
4-754739-B-30.wav,4,30,door_wood_knock,FALSE,754739,B
5-825817-B-30.wav,5,30,door_wood_knock,FALSE,825817,B
1-398117-C-31.wav,1,31,mouse_click,FALSE,398117,C
2-398095-D-31.wav,2,31,mouse_click,FALSE,398095,D
3-786688-D-31.wav,3,31,mouse_click,FALSE,786688,D
4-265818-B-31.wav,4,31,mouse_click,FALSE,265818,B
5-829985-D-31.wav,5,31,mouse_click,FALSE,829985,D
1-668233-D-31.wav,1,31,mouse_click,FALSE,668233,D
2-171303-C-31.wav,2,31,mouse_click,FALSE,171303,C
3-393331-D-31.wav,3,31,mouse_click,FALSE,393331,D
4-321212-D-31.wav,4,31,mouse_click,FALSE,321212,D
5-328116-C-31.wav,5,31,mouse_click,FALSE,328116,C
1-767941-C-31.wav,1,31,mouse_click,FALSE,767941,C
2-533707-C-31.wav,2,31,mouse_click,FALSE,533707,C
3-658529-B-31.wav,3,31,mouse_click,FALSE,658529,B
4-811363-B-31.wav,4,31,mouse_click,FALSE,811363,B
5-156035-C-31.wav,5,31,mouse_click,FALSE,156035,C
1-230611-A-31.wav,1,31,mouse_click,FALSE,230611,A
2-884845-A-31.wav,2,31,mouse_click,FALSE,884845,A
3-933074-D-31.wav,3,31,mouse_click,FALSE,933074,D
4-918357-B-31.wav,4,31,mouse_click,FALSE,918357,B
5-186666-D-31.wav,5,31,mouse_click,FALSE,186666,D
1-129664-B-31.wav,1,31,mouse_click,FALSE,129664,B
2-871390-C-31.wav,2,31,mouse_click,FALSE,871390,C
3-926319-D-31.wav,3,31,mouse_click,FALSE,926319,D
4-942554-A-31.wav,4,31,mouse_click,FALSE,942554,A
5-710341-A-31.wav,5,31,mouse_click,FALSE,710341,A
1-117334-B-31.wav,1,31,mouse_click,FALSE,117334,B
2-858944-B-31.wav,2,31,mouse_click,FALSE,858944,B
3-516505-A-31.wav,3,31,mouse_click,FALSE,516505,A
4-847452-B-31.wav,4,31,mouse_click,FALSE,847452,B
5-199202-B-31.wav,5,31,mouse_click,FALSE,199202,B
1-657349-D-31.wav,1,31,mouse_click,FALSE,657349,D
2-237131-C-31.wav,2,31,mouse_click,FALSE,237131,C
3-546038-A-31.wav,3,31,mouse_click,FALSE,546038,A
4-674741-A-31.wav,4,31,mouse_click,FALSE,674741,A
5-706907-C-31.wav,5,31,mouse_click,FALSE,706907,C
1-549835-A-31.wav,1,31,mouse_click,FALSE,549835,A
2-107783-B-31.wav,2,31,mouse_click,FALSE,107783,B
3-145705-B-31.wav,3,31,mouse_click,FALSE,145705,B
4-920364-C-31.wav,4,31,mouse_click,FALSE,920364,C
5-426367-D-31.wav,5,31,mouse_click,FALSE,426367,D
1-537720-C-32.wav,1,32,keyboard_typing,FALSE,537720,C
2-971225-C-32.wav,2,32,keyboard_typing,FALSE,971225,C
3-212543-B-32.wav,3,32,keyboard_typing,FALSE,212543,B
4-286046-D-32.wav,4,32,keyboard_typing,FALSE,286046,D
5-209702-C-32.wav,5,32,keyboard_typing,FALSE,209702,C
1-871634-C-32.wav,1,32,keyboard_typing,FALSE,871634,C
2-211185-A-32.wav,2,32,keyboard_typing,FALSE,211185,A
3-148831-A-32.wav,3,32,keyboard_typing,FALSE,148831,A
4-828759-D-32.wav,4,32,keyboard_typing,FALSE,828759,D
5-763873-D-32.wav,5,32,keyboard_typing,FALSE,763873,D
1-765862-C-32.wav,1,32,keyboard_typing,FALSE,765862,C
2-554390-C-32.wav,2,32,keyboard_typing,FALSE,554390,C
3-324245-A-32.wav,3,32,keyboard_typing,FALSE,324245,A
4-942540-A-32.wav,4,32,keyboard_typing,FALSE,942540,A
5-341259-D-32.wav,5,32,keyboard_typing,FALSE,341259,D
1-743806-C-32.wav,1,32,keyboard_typing,FALSE,743806,C
2-347660-D-32.wav,2,32,keyboard_typing,FALSE,347660,D
3-845707-A-32.wav,3,32,keyboard_typing,FALSE,845707,A
4-135724-D-32.wav,4,32,keyboard_typing,FALSE,135724,D
5-358286-B-32.wav,5,32,keyboard_typing,FALSE,358286,B
1-626539-D-32.wav,1,32,keyboard_typing,FALSE,626539,D
2-599673-D-32.wav,2,32,keyboard_typing,FALSE,599673,D
3-817050-A-32.wav,3,32,keyboard_typing,FALSE,817050,A
4-168213-B-32.wav,4,32,keyboard_typing,FALSE,168213,B
5-354591-D-32.wav,5,32,keyboard_typing,FALSE,354591,D
1-199852-C-32.wav,1,32,keyboard_typing,FALSE,199852,C
2-784627-A-32.wav,2,32,keyboard_typing,FALSE,784627,A
3-609203-C-32.wav,3,32,keyboard_typing,FALSE,609203,C
4-943499-D-32.wav,4,32,keyboard_typing,FALSE,943499,D
5-808479-D-32.wav,5,32,keyboard_typing,FALSE,808479,D
1-734340-D-32.wav,1,32,keyboard_typing,FALSE,734340,D
2-146523-B-32.wav,2,32,keyboard_typing,FALSE,146523,B
3-316699-C-32.wav,3,32,keyboard_typing,FALSE,316699,C
4-148890-D-32.wav,4,32,keyboard_typing,FALSE,148890,D
5-648927-D-32.wav,5,32,keyboard_typing,FALSE,648927,D
1-411862-A-32.wav,1,32,keyboard_typing,FALSE,411862,A
2-308295-B-32.wav,2,32,keyboard_typing,FALSE,308295,B
3-447354-B-32.wav,3,32,keyboard_typing,FALSE,447354,B
4-284292-A-32.wav,4,32,keyboard_typing,FALSE,284292,A
5-423801-B-32.wav,5,32,keyboard_typing,FALSE,423801,B
1-214560-A-33.wav,1,33,door_wood_creaks,FALSE,214560,A
2-969620-D-33.wav,2,33,door_wood_creaks,FALSE,969620,D
3-623096-B-33.wav,3,33,door_wood_creaks,FALSE,623096,B
4-219555-D-33.wav,4,33,door_wood_creaks,FALSE,219555,D
5-749691-B-33.wav,5,33,door_wood_creaks,FALSE,749691,B
1-425586-C-33.wav,1,33,door_wood_creaks,FALSE,425586,C
2-301005-B-33.wav,2,33,door_wood_creaks,FALSE,301005,B
3-450975-C-33.wav,3,33,door_wood_creaks,FALSE,450975,C
4-948211-D-33.wav,4,33,door_wood_creaks,FALSE,948211,D
5-222015-A-33.wav,5,33,door_wood_creaks,FALSE,222015,A
1-757973-D-33.wav,1,33,door_wood_creaks,FALSE,757973,D
2-441906-D-33.wav,2,33,door_wood_creaks,FALSE,441906,D
3-846097-D-33.wav,3,33,door_wood_creaks,FALSE,846097,D
4-673644-D-33.wav,4,33,door_wood_creaks,FALSE,673644,D
5-299419-D-33.wav,5,33,door_wood_creaks,FALSE,299419,D
1-486712-C-33.wav,1,33,door_wood_creaks,FALSE,486712,C
2-456626-C-33.wav,2,33,door_wood_creaks,FALSE,456626,C
3-458222-A-33.wav,3,33,door_wood_creaks,FALSE,458222,A
4-180677-B-33.wav,4,33,door_wood_creaks,FALSE,180677,B
5-982549-A-33.wav,5,33,door_wood_creaks,FALSE,982549,A
1-832679-D-33.wav,1,33,door_wood_creaks,FALSE,832679,D
2-925762-B-33.wav,2,33,door_wood_creaks,FALSE,925762,B
3-934202-D-33.wav,3,33,door_wood_creaks,FALSE,934202,D
4-267709-A-33.wav,4,33,door_wood_creaks,FALSE,267709,A
5-574912-A-33.wav,5,33,door_wood_creaks,FALSE,574912,A
1-218933-C-33.wav,1,33,door_wood_creaks,FALSE,218933,C
2-612054-A-33.wav,2,33,door_wood_creaks,FALSE,612054,A
3-100571-D-33.wav,3,33,door_wood_creaks,FALSE,100571,D
4-102271-A-33.wav,4,33,door_wood_creaks,FALSE,102271,A
5-858456-C-33.wav,5,33,door_wood_creaks,FALSE,858456,C
1-941833-A-33.wav,1,33,door_wood_creaks,FALSE,941833,A
2-166115-A-33.wav,2,33,door_wood_creaks,FALSE,166115,A
3-379210-B-33.wav,3,33,door_wood_creaks,FALSE,379210,B
4-144442-D-33.wav,4,33,door_wood_creaks,FALSE,144442,D
5-839964-B-33.wav,5,33,door_wood_creaks,FALSE,839964,B
1-686763-D-33.wav,1,33,door_wood_creaks,FALSE,686763,D
2-626381-A-33.wav,2,33,door_wood_creaks,FALSE,626381,A
3-158930-B-33.wav,3,33,door_wood_creaks,FALSE,158930,B
4-804704-D-33.wav,4,33,door_wood_creaks,FALSE,804704,D
5-478709-B-33.wav,5,33,door_wood_creaks,FALSE,478709,B
1-543053-A-34.wav,1,34,can_opening,FALSE,543053,A
2-207580-A-34.wav,2,34,can_opening,FALSE,207580,A
3-667496-D-34.wav,3,34,can_opening,FALSE,667496,D
4-540218-D-34.wav,4,34,can_opening,FALSE,540218,D
5-392483-C-34.wav,5,34,can_opening,FALSE,392483,C
1-587196-C-34.wav,1,34,can_opening,FALSE,587196,C
2-605610-A-34.wav,2,34,can_opening,FALSE,605610,A
3-408625-C-34.wav,3,34,can_opening,FALSE,408625,C
4-240667-A-34.wav,4,34,can_opening,FALSE,240667,A
5-185571-B-34.wav,5,34,can_opening,FALSE,185571,B
1-546995-C-34.wav,1,34,can_opening,FALSE,546995,C
2-554690-D-34.wav,2,34,can_opening,FALSE,554690,D
3-765131-D-34.wav,3,34,can_opening,FALSE,765131,D
4-834086-B-34.wav,4,34,can_opening,FALSE,834086,B
5-135176-D-34.wav,5,34,can_opening,FALSE,135176,D
1-946587-D-34.wav,1,34,can_opening,FALSE,946587,D
2-912369-A-34.wav,2,34,can_opening,FALSE,912369,A
3-523309-B-34.wav,3,34,can_opening,FALSE,523309,B
4-659353-D-34.wav,4,34,can_opening,FALSE,659353,D
5-584020-C-34.wav,5,34,can_opening,FALSE,584020,C
1-180959-B-34.wav,1,34,can_opening,FALSE,180959,B
2-204431-B-34.wav,2,34,can_opening,FALSE,204431,B
3-838087-D-34.wav,3,34,can_opening,FALSE,838087,D
4-684383-D-34.wav,4,34,can_opening,FALSE,684383,D
5-898309-C-34.wav,5,34,can_opening,FALSE,898309,C
1-141794-B-34.wav,1,34,can_opening,FALSE,141794,B
2-590125-D-34.wav,2,34,can_opening,FALSE,590125,D
3-548114-C-34.wav,3,34,can_opening,FALSE,548114,C
4-788984-D-34.wav,4,34,can_opening,FALSE,788984,D
5-126294-A-34.wav,5,34,can_opening,FALSE,126294,A
1-996720-A-34.wav,1,34,can_opening,FALSE,996720,A
2-417632-B-34.wav,2,34,can_opening,FALSE,417632,B
3-433615-B-34.wav,3,34,can_opening,FALSE,433615,B
4-719500-C-34.wav,4,34,can_opening,FALSE,719500,C
5-145398-A-34.wav,5,34,can_opening,FALSE,145398,A
1-355320-A-34.wav,1,34,can_opening,FALSE,355320,A
2-276247-A-34.wav,2,34,can_opening,FALSE,276247,A
3-542252-A-34.wav,3,34,can_opening,FALSE,542252,A
4-259178-D-34.wav,4,34,can_opening,FALSE,259178,D
5-221237-B-34.wav,5,34,can_opening,FALSE,221237,B
1-976783-C-35.wav,1,35,washing_machine,FALSE,976783,C
2-982793-C-35.wav,2,35,washing_machine,FALSE,982793,C
3-814446-A-35.wav,3,35,washing_machine,FALSE,814446,A
4-497796-B-35.wav,4,35,washing_machine,FALSE,497796,B
5-533781-C-35.wav,5,35,washing_machine,FALSE,533781,C
1-958488-C-35.wav,1,35,washing_machine,FALSE,958488,C
2-683152-D-35.wav,2,35,washing_machine,FALSE,683152,D
3-908271-B-35.wav,3,35,washing_machine,FALSE,908271,B
4-867929-D-35.wav,4,35,washing_machine,FALSE,867929,D
5-460578-A-35.wav,5,35,washing_machine,FALSE,460578,A
1-283456-D-35.wav,1,35,washing_machine,FALSE,283456,D
2-980195-B-35.wav,2,35,washing_machine,FALSE,980195,B
3-166201-B-35.wav,3,35,washing_machine,FALSE,166201,B
4-690723-A-35.wav,4,35,washing_machine,FALSE,690723,A
5-807045-B-35.wav,5,35,washing_machine,FALSE,807045,B
1-666778-B-35.wav,1,35,washing_machine,FALSE,666778,B
2-939159-C-35.wav,2,35,washing_machine,FALSE,939159,C
3-993836-C-35.wav,3,35,washing_machine,FALSE,993836,C
4-245949-A-35.wav,4,35,washing_machine,FALSE,245949,A
5-142567-C-35.wav,5,35,washing_machine,FALSE,142567,C
1-337883-D-35.wav,1,35,washing_machine,FALSE,337883,D
2-358779-A-35.wav,2,35,washing_machine,FALSE,358779,A
3-409634-C-35.wav,3,35,washing_machine,FALSE,409634,C
4-705620-C-35.wav,4,35,washing_machine,FALSE,705620,C
5-765662-B-35.wav,5,35,washing_machine,FALSE,765662,B
1-851098-D-35.wav,1,35,washing_machine,FALSE,851098,D
2-662322-A-35.wav,2,35,washing_machine,FALSE,662322,A
3-965411-C-35.wav,3,35,washing_machine,FALSE,965411,C
4-166133-C-35.wav,4,35,washing_machine,FALSE,166133,C
5-217552-D-35.wav,5,35,washing_machine,FALSE,217552,D
1-508004-A-35.wav,1,35,washing_machine,FALSE,508004,A
2-618588-C-35.wav,2,35,washing_machine,FALSE,618588,C
3-895258-D-35.wav,3,35,washing_machine,FALSE,895258,D
4-326295-C-35.wav,4,35,washing_machine,FALSE,326295,C
5-391526-C-35.wav,5,35,washing_machine,FALSE,391526,C
1-331791-A-35.wav,1,35,washing_machine,FALSE,331791,A
2-612430-D-35.wav,2,35,washing_machine,FALSE,612430,D
3-400332-C-35.wav,3,35,washing_machine,FALSE,400332,C
4-706595-C-35.wav,4,35,washing_machine,FALSE,706595,C
5-646691-C-35.wav,5,35,washing_machine,FALSE,646691,C
1-685000-D-36.wav,1,36,vacuum_cleaner,FALSE,685000,D
2-936457-B-36.wav,2,36,vacuum_cleaner,FALSE,936457,B
3-736469-B-36.wav,3,36,vacuum_cleaner,FALSE,736469,B
4-343758-A-36.wav,4,36,vacuum_cleaner,FALSE,343758,A
5-658716-A-36.wav,5,36,vacuum_cleaner,FALSE,658716,A
1-992415-B-36.wav,1,36,vacuum_cleaner,FALSE,992415,B
2-665932-B-36.wav,2,36,vacuum_cleaner,FALSE,665932,B
3-410024-B-36.wav,3,36,vacuum_cleaner,FALSE,410024,B
4-281352-C-36.wav,4,36,vacuum_cleaner,FALSE,281352,C
5-254465-C-36.wav,5,36,vacuum_cleaner,FALSE,254465,C
1-522428-B-36.wav,1,36,vacuum_cleaner,FALSE,522428,B
2-982409-A-36.wav,2,36,vacuum_cleaner,FALSE,982409,A
3-502591-C-36.wav,3,36,vacuum_cleaner,FALSE,502591,C
4-735725-B-36.wav,4,36,vacuum_cleaner,FALSE,735725,B
5-529698-D-36.wav,5,36,vacuum_cleaner,FALSE,529698,D
1-926276-B-36.wav,1,36,vacuum_cleaner,FALSE,926276,B
2-715139-C-36.wav,2,36,vacuum_cleaner,FALSE,715139,C
3-327946-D-36.wav,3,36,vacuum_cleaner,FALSE,327946,D
4-411277-A-36.wav,4,36,vacuum_cleaner,FALSE,411277,A
5-253698-D-36.wav,5,36,vacuum_cleaner,FALSE,253698,D
1-966777-C-36.wav,1,36,vacuum_cleaner,FALSE,966777,C
2-453171-D-36.wav,2,36,vacuum_cleaner,FALSE,453171,D
3-112352-D-36.wav,3,36,vacuum_cleaner,FALSE,112352,D
4-507920-B-36.wav,4,36,vacuum_cleaner,FALSE,507920,B
5-687294-B-36.wav,5,36,vacuum_cleaner,FALSE,687294,B
1-963190-B-36.wav,1,36,vacuum_cleaner,FALSE,963190,B
2-385841-C-36.wav,2,36,vacuum_cleaner,FALSE,385841,C
3-376475-B-36.wav,3,36,vacuum_cleaner,FALSE,376475,B
4-611299-C-36.wav,4,36,vacuum_cleaner,FALSE,611299,C
5-911386-C-36.wav,5,36,vacuum_cleaner,FALSE,911386,C
1-724940-B-36.wav,1,36,vacuum_cleaner,FALSE,724940,B
2-201658-D-36.wav,2,36,vacuum_cleaner,FALSE,201658,D
3-924867-D-36.wav,3,36,vacuum_cleaner,FALSE,924867,D
4-466920-A-36.wav,4,36,vacuum_cleaner,FALSE,466920,A
5-661639-B-36.wav,5,36,vacuum_cleaner,FALSE,661639,B
1-504298-D-36.wav,1,36,vacuum_cleaner,FALSE,504298,D
2-262706-C-36.wav,2,36,vacuum_cleaner,FALSE,262706,C
3-701192-A-36.wav,3,36,vacuum_cleaner,FALSE,701192,A
4-906532-C-36.wav,4,36,vacuum_cleaner,FALSE,906532,C
5-849837-B-36.wav,5,36,vacuum_cleaner,FALSE,849837,B
1-877943-B-37.wav,1,37,clock_alarm,FALSE,877943,B
2-216869-A-37.wav,2,37,clock_alarm,FALSE,216869,A
3-472835-D-37.wav,3,37,clock_alarm,FALSE,472835,D
4-290119-D-37.wav,4,37,clock_alarm,FALSE,290119,D
5-989460-C-37.wav,5,37,clock_alarm,FALSE,989460,C
1-345023-C-37.wav,1,37,clock_alarm,FALSE,345023,C
2-282567-B-37.wav,2,37,clock_alarm,FALSE,282567,B
3-732050-C-37.wav,3,37,clock_alarm,FALSE,732050,C
4-420858-D-37.wav,4,37,clock_alarm,FALSE,420858,D
5-326095-A-37.wav,5,37,clock_alarm,FALSE,326095,A
1-503009-D-37.wav,1,37,clock_alarm,FALSE,503009,D
2-404426-D-37.wav,2,37,clock_alarm,FALSE,404426,D
3-207868-B-37.wav,3,37,clock_alarm,FALSE,207868,B
4-434668-B-37.wav,4,37,clock_alarm,FALSE,434668,B
5-691319-B-37.wav,5,37,clock_alarm,FALSE,691319,B
1-350885-D-37.wav,1,37,clock_alarm,FALSE,350885,D
2-322228-B-37.wav,2,37,clock_alarm,FALSE,322228,B
3-230481-C-37.wav,3,37,clock_alarm,FALSE,230481,C
4-769384-C-37.wav,4,37,clock_alarm,FALSE,769384,C
5-301264-C-37.wav,5,37,clock_alarm,FALSE,301264,C
1-830037-C-37.wav,1,37,clock_alarm,FALSE,830037,C
2-700875-C-37.wav,2,37,clock_alarm,FALSE,700875,C
3-903592-D-37.wav,3,37,clock_alarm,FALSE,903592,D
4-869170-A-37.wav,4,37,clock_alarm,FALSE,869170,A
5-906169-B-37.wav,5,37,clock_alarm,FALSE,906169,B
1-601991-A-37.wav,1,37,clock_alarm,FALSE,601991,A
2-212482-B-37.wav,2,37,clock_alarm,FALSE,212482,B
3-919636-D-37.wav,3,37,clock_alarm,FALSE,919636,D
4-195996-D-37.wav,4,37,clock_alarm,FALSE,195996,D
5-758105-A-37.wav,5,37,clock_alarm,FALSE,758105,A
1-573050-B-37.wav,1,37,clock_alarm,FALSE,573050,B
2-436049-A-37.wav,2,37,clock_alarm,FALSE,436049,A
3-824217-C-37.wav,3,37,clock_alarm,FALSE,824217,C
4-241575-C-37.wav,4,37,clock_alarm,FALSE,241575,C
5-418969-D-37.wav,5,37,clock_alarm,FALSE,418969,D
1-323579-B-37.wav,1,37,clock_alarm,FALSE,323579,B
2-101858-D-37.wav,2,37,clock_alarm,FALSE,101858,D
3-775613-B-37.wav,3,37,clock_alarm,FALSE,775613,B
4-830598-A-37.wav,4,37,clock_alarm,FALSE,830598,A
5-899152-A-37.wav,5,37,clock_alarm,FALSE,899152,A
1-495271-A-38.wav,1,38,clock_tick,TRUE,495271,A
2-482155-D-38.wav,2,38,clock_tick,TRUE,482155,D
3-684079-C-38.wav,3,38,clock_tick,TRUE,684079,C
4-476371-D-38.wav,4,38,clock_tick,TRUE,476371,D
5-619624-B-38.wav,5,38,clock_tick,TRUE,619624,B
1-868979-A-38.wav,1,38,clock_tick,TRUE,868979,A
2-384109-C-38.wav,2,38,clock_tick,TRUE,384109,C
3-312475-D-38.wav,3,38,clock_tick,TRUE,312475,D
4-493041-A-38.wav,4,38,clock_tick,TRUE,493041,A
5-937128-D-38.wav,5,38,clock_tick,TRUE,937128,D
1-893430-D-38.wav,1,38,clock_tick,TRUE,893430,D
2-268398-D-38.wav,2,38,clock_tick,TRUE,268398,D
3-510084-B-38.wav,3,38,clock_tick,TRUE,510084,B
4-133197-D-38.wav,4,38,clock_tick,TRUE,133197,D
5-773793-D-38.wav,5,38,clock_tick,TRUE,773793,D
1-851341-B-38.wav,1,38,clock_tick,TRUE,851341,B
2-183232-B-38.wav,2,38,clock_tick,TRUE,183232,B
3-944200-D-38.wav,3,38,clock_tick,TRUE,944200,D
4-688688-C-38.wav,4,38,clock_tick,TRUE,688688,C
5-765671-B-38.wav,5,38,clock_tick,TRUE,765671,B
1-519134-A-38.wav,1,38,clock_tick,TRUE,519134,A
2-761834-B-38.wav,2,38,clock_tick,TRUE,761834,B
3-362251-D-38.wav,3,38,clock_tick,TRUE,362251,D
4-959483-A-38.wav,4,38,clock_tick,TRUE,959483,A
5-153012-C-38.wav,5,38,clock_tick,TRUE,153012,C
1-319483-A-38.wav,1,38,clock_tick,TRUE,319483,A
2-487510-D-38.wav,2,38,clock_tick,TRUE,487510,D
3-893943-B-38.wav,3,38,clock_tick,TRUE,893943,B
4-270063-B-38.wav,4,38,clock_tick,TRUE,270063,B
5-500091-C-38.wav,5,38,clock_tick,TRUE,500091,C
1-257612-B-38.wav,1,38,clock_tick,TRUE,257612,B
2-913525-B-38.wav,2,38,clock_tick,TRUE,913525,B
3-589875-A-38.wav,3,38,clock_tick,TRUE,589875,A
4-407359-B-38.wav,4,38,clock_tick,TRUE,407359,B
5-837279-D-38.wav,5,38,clock_tick,TRUE,837279,D
1-391399-A-38.wav,1,38,clock_tick,TRUE,391399,A
2-153142-B-38.wav,2,38,clock_tick,TRUE,153142,B
3-740431-B-38.wav,3,38,clock_tick,TRUE,740431,B
4-665344-D-38.wav,4,38,clock_tick,TRUE,665344,D
5-524215-D-38.wav,5,38,clock_tick,TRUE,524215,D
1-866687-C-39.wav,1,39,glass_breaking,FALSE,866687,C
2-660835-D-39.wav,2,39,glass_breaking,FALSE,660835,D
3-243844-C-39.wav,3,39,glass_breaking,FALSE,243844,C
4-598991-A-39.wav,4,39,glass_breaking,FALSE,598991,A
5-814151-D-39.wav,5,39,glass_breaking,FALSE,814151,D
1-585915-A-39.wav,1,39,glass_breaking,FALSE,585915,A
2-384052-D-39.wav,2,39,glass_breaking,FALSE,384052,D
3-835803-D-39.wav,3,39,glass_breaking,FALSE,835803,D
4-166346-C-39.wav,4,39,glass_breaking,FALSE,166346,C
5-796385-D-39.wav,5,39,glass_breaking,FALSE,796385,D
1-702748-D-39.wav,1,39,glass_breaking,FALSE,702748,D
2-796513-A-39.wav,2,39,glass_breaking,FALSE,796513,A
3-864455-C-39.wav,3,39,glass_breaking,FALSE,864455,C
4-124924-D-39.wav,4,39,glass_breaking,FALSE,124924,D
5-955706-D-39.wav,5,39,glass_breaking,FALSE,955706,D
1-445511-B-39.wav,1,39,glass_breaking,FALSE,445511,B
2-290847-A-39.wav,2,39,glass_breaking,FALSE,290847,A
3-214661-A-39.wav,3,39,glass_breaking,FALSE,214661,A
4-301281-B-39.wav,4,39,glass_breaking,FALSE,301281,B
5-958701-A-39.wav,5,39,glass_breaking,FALSE,958701,A
1-302252-C-39.wav,1,39,glass_breaking,FALSE,302252,C
2-865432-B-39.wav,2,39,glass_breaking,FALSE,865432,B
3-968894-D-39.wav,3,39,glass_breaking,FALSE,968894,D
4-708768-A-39.wav,4,39,glass_breaking,FALSE,708768,A
5-529199-D-39.wav,5,39,glass_breaking,FALSE,529199,D
1-510587-A-39.wav,1,39,glass_breaking,FALSE,510587,A
2-917991-D-39.wav,2,39,glass_breaking,FALSE,917991,D
3-781933-D-39.wav,3,39,glass_breaking,FALSE,781933,D
4-786160-D-39.wav,4,39,glass_breaking,FALSE,786160,D
5-505221-A-39.wav,5,39,glass_breaking,FALSE,505221,A
1-118172-B-39.wav,1,39,glass_breaking,FALSE,118172,B
2-587931-C-39.wav,2,39,glass_breaking,FALSE,587931,C
3-417281-C-39.wav,3,39,glass_breaking,FALSE,417281,C
4-869612-C-39.wav,4,39,glass_breaking,FALSE,869612,C
5-529153-D-39.wav,5,39,glass_breaking,FALSE,529153,D
1-180081-D-39.wav,1,39,glass_breaking,FALSE,180081,D
2-393312-D-39.wav,2,39,glass_breaking,FALSE,393312,D
3-148825-A-39.wav,3,39,glass_breaking,FALSE,148825,A
4-487525-C-39.wav,4,39,glass_breaking,FALSE,487525,C
5-484132-C-39.wav,5,39,glass_breaking,FALSE,484132,C
1-994557-D-40.wav,1,40,helicopter,TRUE,994557,D
2-819275-C-40.wav,2,40,helicopter,TRUE,819275,C
3-220634-C-40.wav,3,40,helicopter,TRUE,220634,C
4-107701-D-40.wav,4,40,helicopter,TRUE,107701,D
5-790619-A-40.wav,5,40,helicopter,TRUE,790619,A
1-179334-D-40.wav,1,40,helicopter,TRUE,179334,D
2-797547-D-40.wav,2,40,helicopter,TRUE,797547,D
3-842443-D-40.wav,3,40,helicopter,TRUE,842443,D
4-109333-D-40.wav,4,40,helicopter,TRUE,109333,D
5-469477-A-40.wav,5,40,helicopter,TRUE,469477,A
1-141263-D-40.wav,1,40,helicopter,TRUE,141263,D
2-903993-B-40.wav,2,40,helicopter,TRUE,903993,B
3-142986-D-40.wav,3,40,helicopter,TRUE,142986,D
4-551621-B-40.wav,4,40,helicopter,TRUE,551621,B
5-220280-A-40.wav,5,40,helicopter,TRUE,220280,A
1-494590-C-40.wav,1,40,helicopter,TRUE,494590,C
2-537514-B-40.wav,2,40,helicopter,TRUE,537514,B
3-827582-C-40.wav,3,40,helicopter,TRUE,827582,C
4-896881-B-40.wav,4,40,helicopter,TRUE,896881,B
5-644951-C-40.wav,5,40,helicopter,TRUE,644951,C
1-337445-A-40.wav,1,40,helicopter,TRUE,337445,A
2-180132-B-40.wav,2,40,helicopter,TRUE,180132,B
3-789589-D-40.wav,3,40,helicopter,TRUE,789589,D
4-627969-B-40.wav,4,40,helicopter,TRUE,627969,B
5-778746-B-40.wav,5,40,helicopter,TRUE,778746,B
1-857866-A-40.wav,1,40,helicopter,TRUE,857866,A
2-845767-D-40.wav,2,40,helicopter,TRUE,845767,D
3-520976-D-40.wav,3,40,helicopter,TRUE,520976,D
4-294353-A-40.wav,4,40,helicopter,TRUE,294353,A
5-270565-C-40.wav,5,40,helicopter,TRUE,270565,C
1-891362-D-40.wav,1,40,helicopter,TRUE,891362,D
2-156780-A-40.wav,2,40,helicopter,TRUE,156780,A
3-905276-D-40.wav,3,40,helicopter,TRUE,905276,D
4-671252-B-40.wav,4,40,helicopter,TRUE,671252,B
5-554611-D-40.wav,5,40,helicopter,TRUE,554611,D
1-448942-B-40.wav,1,40,helicopter,TRUE,448942,B
2-609869-C-40.wav,2,40,helicopter,TRUE,609869,C
3-412657-B-40.wav,3,40,helicopter,TRUE,412657,B
4-421175-B-40.wav,4,40,helicopter,TRUE,421175,B
5-257317-B-40.wav,5,40,helicopter,TRUE,257317,B
1-290142-D-41.wav,1,41,chainsaw,TRUE,290142,D
2-135493-A-41.wav,2,41,chainsaw,TRUE,135493,A
3-287494-B-41.wav,3,41,chainsaw,TRUE,287494,B
4-350480-B-41.wav,4,41,chainsaw,TRUE,350480,B
5-302743-A-41.wav,5,41,chainsaw,TRUE,302743,A
1-398666-D-41.wav,1,41,chainsaw,TRUE,398666,D
2-545964-C-41.wav,2,41,chainsaw,TRUE,545964,C
3-363425-A-41.wav,3,41,chainsaw,TRUE,363425,A
4-394039-D-41.wav,4,41,chainsaw,TRUE,394039,D
5-300976-C-41.wav,5,41,chainsaw,TRUE,300976,C
1-135666-C-41.wav,1,41,chainsaw,TRUE,135666,C
2-113930-C-41.wav,2,41,chainsaw,TRUE,113930,C
3-143597-A-41.wav,3,41,chainsaw,TRUE,143597,A
4-731720-C-41.wav,4,41,chainsaw,TRUE,731720,C
5-848095-D-41.wav,5,41,chainsaw,TRUE,848095,D
1-871597-C-41.wav,1,41,chainsaw,TRUE,871597,C
2-104089-B-41.wav,2,41,chainsaw,TRUE,104089,B
3-968481-A-41.wav,3,41,chainsaw,TRUE,968481,A
4-580945-A-41.wav,4,41,chainsaw,TRUE,580945,A
5-811999-D-41.wav,5,41,chainsaw,TRUE,811999,D
1-130409-D-41.wav,1,41,chainsaw,TRUE,130409,D
2-777696-A-41.wav,2,41,chainsaw,TRUE,777696,A
3-417447-A-41.wav,3,41,chainsaw,TRUE,417447,A
4-746704-C-41.wav,4,41,chainsaw,TRUE,746704,C
5-252867-D-41.wav,5,41,chainsaw,TRUE,252867,D
1-871895-A-41.wav,1,41,chainsaw,TRUE,871895,A
2-194487-C-41.wav,2,41,chainsaw,TRUE,194487,C
3-439239-C-41.wav,3,41,chainsaw,TRUE,439239,C
4-143097-C-41.wav,4,41,chainsaw,TRUE,143097,C
5-233812-B-41.wav,5,41,chainsaw,TRUE,233812,B
1-902313-D-41.wav,1,41,chainsaw,TRUE,902313,D
2-779820-A-41.wav,2,41,chainsaw,TRUE,779820,A
3-475952-C-41.wav,3,41,chainsaw,TRUE,475952,C
4-157690-C-41.wav,4,41,chainsaw,TRUE,157690,C
5-975074-C-41.wav,5,41,chainsaw,TRUE,975074,C
1-434922-A-41.wav,1,41,chainsaw,TRUE,434922,A
2-664618-B-41.wav,2,41,chainsaw,TRUE,664618,B
3-170341-D-41.wav,3,41,chainsaw,TRUE,170341,D
4-914749-B-41.wav,4,41,chainsaw,TRUE,914749,B
5-246238-A-41.wav,5,41,chainsaw,TRUE,246238,A
1-283183-D-42.wav,1,42,siren,FALSE,283183,D
2-922522-C-42.wav,2,42,siren,FALSE,922522,C
3-573255-C-42.wav,3,42,siren,FALSE,573255,C
4-936126-D-42.wav,4,42,siren,FALSE,936126,D
5-967347-D-42.wav,5,42,siren,FALSE,967347,D
1-529531-D-42.wav,1,42,siren,FALSE,529531,D
2-583951-D-42.wav,2,42,siren,FALSE,583951,D
3-809813-C-42.wav,3,42,siren,FALSE,809813,C
4-910760-D-42.wav,4,42,siren,FALSE,910760,D
5-949575-D-42.wav,5,42,siren,FALSE,949575,D
1-390105-A-42.wav,1,42,siren,FALSE,390105,A
2-874684-A-42.wav,2,42,siren,FALSE,874684,A
3-821589-C-42.wav,3,42,siren,FALSE,821589,C
4-623119-B-42.wav,4,42,siren,FALSE,623119,B
5-871738-C-42.wav,5,42,siren,FALSE,871738,C
1-494650-D-42.wav,1,42,siren,FALSE,494650,D
2-331536-C-42.wav,2,42,siren,FALSE,331536,C
3-396101-B-42.wav,3,42,siren,FALSE,396101,B
4-695706-B-42.wav,4,42,siren,FALSE,695706,B
5-525374-A-42.wav,5,42,siren,FALSE,525374,A
1-110158-B-42.wav,1,42,siren,FALSE,110158,B
2-235001-D-42.wav,2,42,siren,FALSE,235001,D
3-420435-C-42.wav,3,42,siren,FALSE,420435,C
4-313993-A-42.wav,4,42,siren,FALSE,313993,A
5-301709-C-42.wav,5,42,siren,FALSE,301709,C
1-754784-C-42.wav,1,42,siren,FALSE,754784,C
2-487946-C-42.wav,2,42,siren,FALSE,487946,C
3-476008-B-42.wav,3,42,siren,FALSE,476008,B
4-263246-D-42.wav,4,42,siren,FALSE,263246,D
5-952225-D-42.wav,5,42,siren,FALSE,952225,D
1-805201-A-42.wav,1,42,siren,FALSE,805201,A
2-360700-C-42.wav,2,42,siren,FALSE,360700,C
3-156887-A-42.wav,3,42,siren,FALSE,156887,A
4-507729-B-42.wav,4,42,siren,FALSE,507729,B
5-218583-A-42.wav,5,42,siren,FALSE,218583,A
1-680914-D-42.wav,1,42,siren,FALSE,680914,D
2-813082-C-42.wav,2,42,siren,FALSE,813082,C
3-889809-C-42.wav,3,42,siren,FALSE,889809,C
4-783037-C-42.wav,4,42,siren,FALSE,783037,C
5-240765-B-42.wav,5,42,siren,FALSE,240765,B
1-690016-B-43.wav,1,43,car_horn,FALSE,690016,B
2-230974-A-43.wav,2,43,car_horn,FALSE,230974,A
3-306480-C-43.wav,3,43,car_horn,FALSE,306480,C
4-215766-A-43.wav,4,43,car_horn,FALSE,215766,A
5-569600-B-43.wav,5,43,car_horn,FALSE,569600,B
1-614598-A-43.wav,1,43,car_horn,FALSE,614598,A
2-437439-A-43.wav,2,43,car_horn,FALSE,437439,A
3-396971-B-43.wav,3,43,car_horn,FALSE,396971,B
4-621215-B-43.wav,4,43,car_horn,FALSE,621215,B
5-549051-A-43.wav,5,43,car_horn,FALSE,549051,A
1-578951-A-43.wav,1,43,car_horn,FALSE,578951,A
2-202571-C-43.wav,2,43,car_horn,FALSE,202571,C
3-682915-D-43.wav,3,43,car_horn,FALSE,682915,D
4-271062-C-43.wav,4,43,car_horn,FALSE,271062,C
5-463905-A-43.wav,5,43,car_horn,FALSE,463905,A
1-872683-A-43.wav,1,43,car_horn,FALSE,872683,A
2-759297-A-43.wav,2,43,car_horn,FALSE,759297,A
3-825312-C-43.wav,3,43,car_horn,FALSE,825312,C
4-581020-D-43.wav,4,43,car_horn,FALSE,581020,D
5-178656-D-43.wav,5,43,car_horn,FALSE,178656,D
1-539826-C-43.wav,1,43,car_horn,FALSE,539826,C
2-773982-D-43.wav,2,43,car_horn,FALSE,773982,D
3-441565-D-43.wav,3,43,car_horn,FALSE,441565,D
4-432778-A-43.wav,4,43,car_horn,FALSE,432778,A
5-677905-A-43.wav,5,43,car_horn,FALSE,677905,A
1-322686-A-43.wav,1,43,car_horn,FALSE,322686,A
2-986934-B-43.wav,2,43,car_horn,FALSE,986934,B
3-341115-D-43.wav,3,43,car_horn,FALSE,341115,D
4-548828-D-43.wav,4,43,car_horn,FALSE,548828,D
5-135498-D-43.wav,5,43,car_horn,FALSE,135498,D
1-370123-C-43.wav,1,43,car_horn,FALSE,370123,C
2-352150-B-43.wav,2,43,car_horn,FALSE,352150,B
3-637544-B-43.wav,3,43,car_horn,FALSE,637544,B
4-797861-D-43.wav,4,43,car_horn,FALSE,797861,D
5-431214-A-43.wav,5,43,car_horn,FALSE,431214,A
1-588678-C-43.wav,1,43,car_horn,FALSE,588678,C
2-747958-A-43.wav,2,43,car_horn,FALSE,747958,A
3-228367-A-43.wav,3,43,car_horn,FALSE,228367,A
4-297403-C-43.wav,4,43,car_horn,FALSE,297403,C
5-366502-D-43.wav,5,43,car_horn,FALSE,366502,D
1-219720-C-44.wav,1,44,engine,FALSE,219720,C
2-568663-D-44.wav,2,44,engine,FALSE,568663,D
3-301417-D-44.wav,3,44,engine,FALSE,301417,D
4-345889-B-44.wav,4,44,engine,FALSE,345889,B
5-666654-A-44.wav,5,44,engine,FALSE,666654,A
1-754914-B-44.wav,1,44,engine,FALSE,754914,B
2-660657-B-44.wav,2,44,engine,FALSE,660657,B
3-681891-A-44.wav,3,44,engine,FALSE,681891,A
4-773843-C-44.wav,4,44,engine,FALSE,773843,C
5-661937-D-44.wav,5,44,engine,FALSE,661937,D
1-895416-A-44.wav,1,44,engine,FALSE,895416,A
2-370062-A-44.wav,2,44,engine,FALSE,370062,A
3-207514-C-44.wav,3,44,engine,FALSE,207514,C
4-578591-A-44.wav,4,44,engine,FALSE,578591,A
5-431678-C-44.wav,5,44,engine,FALSE,431678,C
1-268666-C-44.wav,1,44,engine,FALSE,268666,C
2-118749-B-44.wav,2,44,engine,FALSE,118749,B
3-815899-A-44.wav,3,44,engine,FALSE,815899,A
4-522318-A-44.wav,4,44,engine,FALSE,522318,A
5-655322-B-44.wav,5,44,engine,FALSE,655322,B
1-871053-D-44.wav,1,44,engine,FALSE,871053,D
2-721727-B-44.wav,2,44,engine,FALSE,721727,B
3-271700-D-44.wav,3,44,engine,FALSE,271700,D
4-367283-D-44.wav,4,44,engine,FALSE,367283,D
5-536062-A-44.wav,5,44,engine,FALSE,536062,A
1-446127-D-44.wav,1,44,engine,FALSE,446127,D
2-603505-C-44.wav,2,44,engine,FALSE,603505,C
3-166214-C-44.wav,3,44,engine,FALSE,166214,C
4-876459-C-44.wav,4,44,engine,FALSE,876459,C
5-858055-D-44.wav,5,44,engine,FALSE,858055,D
1-914983-A-44.wav,1,44,engine,FALSE,914983,A
2-238482-C-44.wav,2,44,engine,FALSE,238482,C
3-386266-B-44.wav,3,44,engine,FALSE,386266,B
4-840237-D-44.wav,4,44,engine,FALSE,840237,D
5-145823-A-44.wav,5,44,engine,FALSE,145823,A
1-363713-B-44.wav,1,44,engine,FALSE,363713,B
2-556323-B-44.wav,2,44,engine,FALSE,556323,B
3-199954-A-44.wav,3,44,engine,FALSE,199954,A
4-376375-B-44.wav,4,44,engine,FALSE,376375,B
5-424172-A-44.wav,5,44,engine,FALSE,424172,A
1-302526-D-45.wav,1,45,train,FALSE,302526,D
2-595602-C-45.wav,2,45,train,FALSE,595602,C
3-147066-A-45.wav,3,45,train,FALSE,147066,A
4-203627-D-45.wav,4,45,train,FALSE,203627,D
5-993751-D-45.wav,5,45,train,FALSE,993751,D
1-712249-B-45.wav,1,45,train,FALSE,712249,B
2-690134-B-45.wav,2,45,train,FALSE,690134,B
3-843773-B-45.wav,3,45,train,FALSE,843773,B
4-210803-C-45.wav,4,45,train,FALSE,210803,C
5-132347-B-45.wav,5,45,train,FALSE,132347,B
1-748060-C-45.wav,1,45,train,FALSE,748060,C
2-315398-D-45.wav,2,45,train,FALSE,315398,D
3-744295-A-45.wav,3,45,train,FALSE,744295,A
4-801474-B-45.wav,4,45,train,FALSE,801474,B
5-482725-C-45.wav,5,45,train,FALSE,482725,C
1-590882-D-45.wav,1,45,train,FALSE,590882,D
2-598615-D-45.wav,2,45,train,FALSE,598615,D
3-520264-D-45.wav,3,45,train,FALSE,520264,D
4-520520-B-45.wav,4,45,train,FALSE,520520,B
5-126952-D-45.wav,5,45,train,FALSE,126952,D
1-961399-A-45.wav,1,45,train,FALSE,961399,A
2-369459-D-45.wav,2,45,train,FALSE,369459,D
3-480962-D-45.wav,3,45,train,FALSE,480962,D
4-531597-B-45.wav,4,45,train,FALSE,531597,B
5-282559-A-45.wav,5,45,train,FALSE,282559,A
1-432102-A-45.wav,1,45,train,FALSE,432102,A
2-749767-D-45.wav,2,45,train,FALSE,749767,D
3-556089-B-45.wav,3,45,train,FALSE,556089,B
4-337492-A-45.wav,4,45,train,FALSE,337492,A
5-215587-D-45.wav,5,45,train,FALSE,215587,D
1-498147-D-45.wav,1,45,train,FALSE,498147,D
2-488690-C-45.wav,2,45,train,FALSE,488690,C
3-324645-B-45.wav,3,45,train,FALSE,324645,B
4-887018-A-45.wav,4,45,train,FALSE,887018,A
5-311218-C-45.wav,5,45,train,FALSE,311218,C
1-684375-C-45.wav,1,45,train,FALSE,684375,C
2-863226-D-45.wav,2,45,train,FALSE,863226,D
3-926965-C-45.wav,3,45,train,FALSE,926965,C
4-490665-B-45.wav,4,45,train,FALSE,490665,B
5-878595-D-45.wav,5,45,train,FALSE,878595,D
1-801676-A-46.wav,1,46,church_bells,FALSE,801676,A
2-352596-B-46.wav,2,46,church_bells,FALSE,352596,B
3-873998-D-46.wav,3,46,church_bells,FALSE,873998,D
4-800034-A-46.wav,4,46,church_bells,FALSE,800034,A
5-801604-B-46.wav,5,46,church_bells,FALSE,801604,B
1-802873-D-46.wav,1,46,church_bells,FALSE,802873,D
2-326759-C-46.wav,2,46,church_bells,FALSE,326759,C
3-652747-A-46.wav,3,46,church_bells,FALSE,652747,A
4-812778-D-46.wav,4,46,church_bells,FALSE,812778,D
5-518012-B-46.wav,5,46,church_bells,FALSE,518012,B
1-846502-A-46.wav,1,46,church_bells,FALSE,846502,A
2-341518-B-46.wav,2,46,church_bells,FALSE,341518,B
3-194791-A-46.wav,3,46,church_bells,FALSE,194791,A
4-324273-C-46.wav,4,46,church_bells,FALSE,324273,C
5-804422-A-46.wav,5,46,church_bells,FALSE,804422,A
1-174318-A-46.wav,1,46,church_bells,FALSE,174318,A
2-882670-B-46.wav,2,46,church_bells,FALSE,882670,B
3-727347-D-46.wav,3,46,church_bells,FALSE,727347,D
4-841855-C-46.wav,4,46,church_bells,FALSE,841855,C
5-307852-D-46.wav,5,46,church_bells,FALSE,307852,D
1-771990-B-46.wav,1,46,church_bells,FALSE,771990,B
2-227281-D-46.wav,2,46,church_bells,FALSE,227281,D
3-375373-D-46.wav,3,46,church_bells,FALSE,375373,D
4-336205-D-46.wav,4,46,church_bells,FALSE,336205,D
5-542605-B-46.wav,5,46,church_bells,FALSE,542605,B
1-981200-D-46.wav,1,46,church_bells,FALSE,981200,D
2-626741-C-46.wav,2,46,church_bells,FALSE,626741,C
3-140378-B-46.wav,3,46,church_bells,FALSE,140378,B
4-768886-B-46.wav,4,46,church_bells,FALSE,768886,B
5-321118-D-46.wav,5,46,church_bells,FALSE,321118,D
1-702611-C-46.wav,1,46,church_bells,FALSE,702611,C
2-737123-B-46.wav,2,46,church_bells,FALSE,737123,B
3-357004-B-46.wav,3,46,church_bells,FALSE,357004,B
4-723394-A-46.wav,4,46,church_bells,FALSE,723394,A
5-931897-C-46.wav,5,46,church_bells,FALSE,931897,C
1-683103-C-46.wav,1,46,church_bells,FALSE,683103,C
2-372550-D-46.wav,2,46,church_bells,FALSE,372550,D
3-264362-D-46.wav,3,46,church_bells,FALSE,264362,D
4-483273-B-46.wav,4,46,church_bells,FALSE,483273,B
5-114871-C-46.wav,5,46,church_bells,FALSE,114871,C
1-531152-C-47.wav,1,47,airplane,FALSE,531152,C
2-710585-D-47.wav,2,47,airplane,FALSE,710585,D
3-977188-C-47.wav,3,47,airplane,FALSE,977188,C
4-435576-B-47.wav,4,47,airplane,FALSE,435576,B
5-604981-C-47.wav,5,47,airplane,FALSE,604981,C
1-776058-A-47.wav,1,47,airplane,FALSE,776058,A
2-946635-B-47.wav,2,47,airplane,FALSE,946635,B
3-481949-C-47.wav,3,47,airplane,FALSE,481949,C
4-107999-D-47.wav,4,47,airplane,FALSE,107999,D
5-884883-C-47.wav,5,47,airplane,FALSE,884883,C
1-673811-C-47.wav,1,47,airplane,FALSE,673811,C
2-707152-B-47.wav,2,47,airplane,FALSE,707152,B
3-533392-B-47.wav,3,47,airplane,FALSE,533392,B
4-216736-A-47.wav,4,47,airplane,FALSE,216736,A
5-585896-C-47.wav,5,47,airplane,FALSE,585896,C
1-537423-D-47.wav,1,47,airplane,FALSE,537423,D
2-938273-D-47.wav,2,47,airplane,FALSE,938273,D
3-901598-B-47.wav,3,47,airplane,FALSE,901598,B
4-998628-B-47.wav,4,47,airplane,FALSE,998628,B
5-460313-B-47.wav,5,47,airplane,FALSE,460313,B
1-942607-A-47.wav,1,47,airplane,FALSE,942607,A
2-843349-A-47.wav,2,47,airplane,FALSE,843349,A
3-256192-D-47.wav,3,47,airplane,FALSE,256192,D
4-535463-A-47.wav,4,47,airplane,FALSE,535463,A
5-957062-C-47.wav,5,47,airplane,FALSE,957062,C
1-542978-A-47.wav,1,47,airplane,FALSE,542978,A
2-918606-A-47.wav,2,47,airplane,FALSE,918606,A
3-846525-B-47.wav,3,47,airplane,FALSE,846525,B
4-152956-B-47.wav,4,47,airplane,FALSE,152956,B
5-448273-D-47.wav,5,47,airplane,FALSE,448273,D
1-976806-D-47.wav,1,47,airplane,FALSE,976806,D
2-881955-B-47.wav,2,47,airplane,FALSE,881955,B
3-963153-D-47.wav,3,47,airplane,FALSE,963153,D
4-220971-A-47.wav,4,47,airplane,FALSE,220971,A
5-834699-A-47.wav,5,47,airplane,FALSE,834699,A
1-219257-B-47.wav,1,47,airplane,FALSE,219257,B
2-497218-D-47.wav,2,47,airplane,FALSE,497218,D
3-917657-B-47.wav,3,47,airplane,FALSE,917657,B
4-512258-D-47.wav,4,47,airplane,FALSE,512258,D
5-497917-A-47.wav,5,47,airplane,FALSE,497917,A
1-966757-C-48.wav,1,48,fireworks,FALSE,966757,C
2-358499-A-48.wav,2,48,fireworks,FALSE,358499,A
3-853808-A-48.wav,3,48,fireworks,FALSE,853808,A
4-572823-D-48.wav,4,48,fireworks,FALSE,572823,D
5-164719-B-48.wav,5,48,fireworks,FALSE,164719,B
1-842111-C-48.wav,1,48,fireworks,FALSE,842111,C
2-305858-A-48.wav,2,48,fireworks,FALSE,305858,A
3-720442-D-48.wav,3,48,fireworks,FALSE,720442,D
4-205891-A-48.wav,4,48,fireworks,FALSE,205891,A
5-819767-D-48.wav,5,48,fireworks,FALSE,819767,D
1-220560-D-48.wav,1,48,fireworks,FALSE,220560,D
2-686506-B-48.wav,2,48,fireworks,FALSE,686506,B
3-688012-A-48.wav,3,48,fireworks,FALSE,688012,A
4-402626-D-48.wav,4,48,fireworks,FALSE,402626,D
5-657136-D-48.wav,5,48,fireworks,FALSE,657136,D
1-830786-D-48.wav,1,48,fireworks,FALSE,830786,D
2-948013-B-48.wav,2,48,fireworks,FALSE,948013,B
3-982835-B-48.wav,3,48,fireworks,FALSE,982835,B
4-517159-C-48.wav,4,48,fireworks,FALSE,517159,C
5-801871-D-48.wav,5,48,fireworks,FALSE,801871,D
1-194657-A-48.wav,1,48,fireworks,FALSE,194657,A
2-428283-C-48.wav,2,48,fireworks,FALSE,428283,C
3-624341-D-48.wav,3,48,fireworks,FALSE,624341,D
4-620270-C-48.wav,4,48,fireworks,FALSE,620270,C
5-948187-D-48.wav,5,48,fireworks,FALSE,948187,D
1-979500-D-48.wav,1,48,fireworks,FALSE,979500,D
2-936348-A-48.wav,2,48,fireworks,FALSE,936348,A
3-555134-C-48.wav,3,48,fireworks,FALSE,555134,C
4-938053-D-48.wav,4,48,fireworks,FALSE,938053,D
5-834750-D-48.wav,5,48,fireworks,FALSE,834750,D
1-164377-A-48.wav,1,48,fireworks,FALSE,164377,A
2-845988-D-48.wav,2,48,fireworks,FALSE,845988,D
3-893038-B-48.wav,3,48,fireworks,FALSE,893038,B
4-197740-B-48.wav,4,48,fireworks,FALSE,197740,B
5-203481-B-48.wav,5,48,fireworks,FALSE,203481,B
1-262858-A-48.wav,1,48,fireworks,FALSE,262858,A
2-795895-A-48.wav,2,48,fireworks,FALSE,795895,A
3-451805-B-48.wav,3,48,fireworks,FALSE,451805,B
4-412801-D-48.wav,4,48,fireworks,FALSE,412801,D
5-873184-C-48.wav,5,48,fireworks,FALSE,873184,C
1-654880-A-49.wav,1,49,hand_saw,FALSE,654880,A
2-295577-B-49.wav,2,49,hand_saw,FALSE,295577,B
3-727953-B-49.wav,3,49,hand_saw,FALSE,727953,B
4-780085-C-49.wav,4,49,hand_saw,FALSE,780085,C
5-507667-A-49.wav,5,49,hand_saw,FALSE,507667,A
1-940461-A-49.wav,1,49,hand_saw,FALSE,940461,A
2-280941-C-49.wav,2,49,hand_saw,FALSE,280941,C
3-853169-B-49.wav,3,49,hand_saw,FALSE,853169,B
4-204766-D-49.wav,4,49,hand_saw,FALSE,204766,D
5-930972-B-49.wav,5,49,hand_saw,FALSE,930972,B
1-860913-C-49.wav,1,49,hand_saw,FALSE,860913,C
2-100104-C-49.wav,2,49,hand_saw,FALSE,100104,C
3-658135-D-49.wav,3,49,hand_saw,FALSE,658135,D
4-378446-B-49.wav,4,49,hand_saw,FALSE,378446,B
5-551983-A-49.wav,5,49,hand_saw,FALSE,551983,A
1-139888-A-49.wav,1,49,hand_saw,FALSE,139888,A
2-231769-D-49.wav,2,49,hand_saw,FALSE,231769,D
3-565533-D-49.wav,3,49,hand_saw,FALSE,565533,D
4-826073-D-49.wav,4,49,hand_saw,FALSE,826073,D
5-812534-C-49.wav,5,49,hand_saw,FALSE,812534,C
1-106449-A-49.wav,1,49,hand_saw,FALSE,106449,A
2-411712-D-49.wav,2,49,hand_saw,FALSE,411712,D
3-567873-D-49.wav,3,49,hand_saw,FALSE,567873,D
4-198936-D-49.wav,4,49,hand_saw,FALSE,198936,D
5-286827-C-49.wav,5,49,hand_saw,FALSE,286827,C
1-195585-A-49.wav,1,49,hand_saw,FALSE,195585,A
2-570576-A-49.wav,2,49,hand_saw,FALSE,570576,A
3-265177-B-49.wav,3,49,hand_saw,FALSE,265177,B
4-916998-C-49.wav,4,49,hand_saw,FALSE,916998,C
5-964646-D-49.wav,5,49,hand_saw,FALSE,964646,D
1-232805-A-49.wav,1,49,hand_saw,FALSE,232805,A
2-359693-D-49.wav,2,49,hand_saw,FALSE,359693,D
3-462816-B-49.wav,3,49,hand_saw,FALSE,462816,B
4-180439-C-49.wav,4,49,hand_saw,FALSE,180439,C
5-808424-A-49.wav,5,49,hand_saw,FALSE,808424,A
1-413708-C-49.wav,1,49,hand_saw,FALSE,413708,C
2-694071-A-49.wav,2,49,hand_saw,FALSE,694071,A
3-442284-A-49.wav,3,49,hand_saw,FALSE,442284,A
4-535708-C-49.wav,4,49,hand_saw,FALSE,535708,C
5-846028-A-49.wav,5,49,hand_saw,FALSE,846028,A
1-360985-B-50.wav,1,50,drone,FALSE,360985,B
2-699772-D-50.wav,2,50,drone,FALSE,699772,D
3-764960-A-50.wav,3,50,drone,FALSE,764960,A
4-162588-D-50.wav,4,50,drone,FALSE,162588,D
5-116125-C-50.wav,5,50,drone,FALSE,116125,C
1-189219-A-50.wav,1,50,drone,FALSE,189219,A
2-274830-A-50.wav,2,50,drone,FALSE,274830,A
3-698517-D-50.wav,3,50,drone,FALSE,698517,D
4-842407-B-50.wav,4,50,drone,FALSE,842407,B
5-949858-A-50.wav,5,50,drone,FALSE,949858,A
1-425536-B-50.wav,1,50,drone,FALSE,425536,B
2-215620-D-50.wav,2,50,drone,FALSE,215620,D
3-435395-B-50.wav,3,50,drone,FALSE,435395,B
4-920137-D-50.wav,4,50,drone,FALSE,920137,D
5-727814-C-50.wav,5,50,drone,FALSE,727814,C
1-613146-D-50.wav,1,50,drone,FALSE,613146,D
2-313962-C-50.wav,2,50,drone,FALSE,313962,C
3-217537-A-50.wav,3,50,drone,FALSE,217537,A
4-270147-B-50.wav,4,50,drone,FALSE,270147,B
5-167068-A-50.wav,5,50,drone,FALSE,167068,A
1-489370-A-50.wav,1,50,drone,FALSE,489370,A
2-263882-D-50.wav,2,50,drone,FALSE,263882,D
3-978397-B-50.wav,3,50,drone,FALSE,978397,B
4-922017-D-50.wav,4,50,drone,FALSE,922017,D
5-524713-B-50.wav,5,50,drone,FALSE,524713,B
1-938268-D-50.wav,1,50,drone,FALSE,938268,D
2-247701-B-50.wav,2,50,drone,FALSE,247701,B
3-985181-C-50.wav,3,50,drone,FALSE,985181,C
4-475262-D-50.wav,4,50,drone,FALSE,475262,D
5-774033-C-50.wav,5,50,drone,FALSE,774033,C
1-247462-A-50.wav,1,50,drone,FALSE,247462,A
2-563510-A-50.wav,2,50,drone,FALSE,563510,A
3-133821-C-50.wav,3,50,drone,FALSE,133821,C
4-962951-B-50.wav,4,50,drone,FALSE,962951,B
5-920459-D-50.wav,5,50,drone,FALSE,920459,D
1-971113-B-50.wav,1,50,drone,FALSE,971113,B
2-452659-A-50.wav,2,50,drone,FALSE,452659,A
3-155580-D-50.wav,3,50,drone,FALSE,155580,D
4-137749-C-50.wav,4,50,drone,FALSE,137749,C
5-815380-C-50.wav,5,50,drone,FALSE,815380,C
